Warehouse,Country,Region/State,Zip/Postal Code,Weight (and above),Method,Shipping Price
0,USA,AK,,1,1,19.8
0,USA,AK,,2,1,21.8
0,USA,AK,,3,1,23.8
0,USA,AK,,4,1,25.8
0,USA,AK,,5,1,27.8
0,USA,AK,,6,1,29.8
0,USA,AK,,7,1,31.8
0,USA,AK,,8,1,33.8
0,USA,AK,,9,1,35.8
0,USA,AK,,10,1,37.8
0,USA,AK,,11,1,39.8
0,USA,AK,,12,1,41.8
0,USA,AK,,13,1,43.8
0,USA,AK,,14,1,45.8
0,USA,AK,,15,1,47.8
0,USA,AK,,16,1,49.8
0,USA,AK,,17,1,51.8
0,USA,AK,,18,1,53.8
0,USA,AK,,19,1,55.8
0,USA,AK,,20,1,57.8
0,USA,AK,,21,1,59.8
0,USA,AK,,22,1,61.8
0,USA,AK,,23,1,63.8
0,USA,AK,,24,1,65.8
0,USA,AK,,25,1,67.8
0,USA,AK,,26,1,69.8
0,USA,AK,,27,1,71.8
0,USA,AK,,28,1,73.8
0,USA,AK,,29,1,75.8
0,USA,AK,,30,1,77.8
0,USA,AK,,31,1,79.8
0,USA,AK,,32,1,81.8
0,USA,AK,,33,1,83.8
0,USA,AK,,34,1,85.8
0,USA,AK,,35,1,87.8
0,USA,AK,,36,1,89.8
0,USA,AK,,37,1,91.8
0,USA,AK,,38,1,93.8
0,USA,AK,,39,1,95.8
0,USA,AK,,40,1,97.8
0,USA,AK,,41,1,99.8
0,USA,AK,,42,1,101.8
0,USA,AK,,43,1,103.8
0,USA,AK,,44,1,105.8
0,USA,AK,,45,1,107.8
0,USA,AK,,46,1,109.8
0,USA,AK,,47,1,111.8
0,USA,AK,,48,1,113.8
0,USA,AK,,49,1,115.8
0,USA,AK,,50,1,117.8
0,USA,AK,,51,1,119.8
0,USA,AK,,52,1,121.8
0,USA,AK,,53,1,123.8
0,USA,AK,,54,1,125.8
0,USA,AK,,55,1,127.8
0,USA,AK,,56,1,129.8
0,USA,AK,,57,1,131.8
0,USA,AK,,58,1,133.8
0,USA,AK,,59,1,135.8
0,USA,AK,,60,1,137.8
0,USA,AK,,61,1,139.8
0,USA,AK,,62,1,141.8
0,USA,AK,,63,1,143.8
0,USA,AK,,64,1,145.8
0,USA,AK,,65,1,147.8
0,USA,AK,,66,1,149.8
0,USA,AK,,67,1,151.8
0,USA,AK,,68,1,153.8
0,USA,AK,,69,1,155.8
0,USA,AK,,70,1,157.8
0,USA,AZ,,1,1,19.8
0,USA,AZ,,2,1,21.8
0,USA,AZ,,3,1,23.8
0,USA,AZ,,4,1,25.8
0,USA,AZ,,5,1,27.8
0,USA,AZ,,6,1,29.8
0,USA,AZ,,7,1,31.8
0,USA,AZ,,8,1,33.8
0,USA,AZ,,9,1,35.8
0,USA,AZ,,10,1,37.8
0,USA,AZ,,11,1,39.8
0,USA,AZ,,12,1,41.8
0,USA,AZ,,13,1,43.8
0,USA,AZ,,14,1,45.8
0,USA,AZ,,15,1,47.8
0,USA,AZ,,16,1,49.8
0,USA,AZ,,17,1,51.8
0,USA,AZ,,18,1,53.8
0,USA,AZ,,19,1,55.8
0,USA,AZ,,20,1,57.8
0,USA,AZ,,21,1,59.8
0,USA,AZ,,22,1,61.8
0,USA,AZ,,23,1,63.8
0,USA,AZ,,24,1,65.8
0,USA,AZ,,25,1,67.8
0,USA,AZ,,26,1,69.8
0,USA,AZ,,27,1,71.8
0,USA,AZ,,28,1,73.8
0,USA,AZ,,29,1,75.8
0,USA,AZ,,30,1,77.8
0,USA,AZ,,31,1,79.8
0,USA,AZ,,32,1,81.8
0,USA,AZ,,33,1,83.8
0,USA,AZ,,34,1,85.8
0,USA,AZ,,35,1,87.8
0,USA,AZ,,36,1,89.8
0,USA,AZ,,37,1,91.8
0,USA,AZ,,38,1,93.8
0,USA,AZ,,39,1,95.8
0,USA,AZ,,40,1,97.8
0,USA,AZ,,41,1,99.8
0,USA,AZ,,42,1,101.8
0,USA,AZ,,43,1,103.8
0,USA,AZ,,44,1,105.8
0,USA,AZ,,45,1,107.8
0,USA,AZ,,46,1,109.8
0,USA,AZ,,47,1,111.8
0,USA,AZ,,48,1,113.8
0,USA,AZ,,49,1,115.8
0,USA,AZ,,50,1,117.8
0,USA,AZ,,51,1,119.8
0,USA,AZ,,52,1,121.8
0,USA,AZ,,53,1,123.8
0,USA,AZ,,54,1,125.8
0,USA,AZ,,55,1,127.8
0,USA,AZ,,56,1,129.8
0,USA,AZ,,57,1,131.8
0,USA,AZ,,58,1,133.8
0,USA,AZ,,59,1,135.8
0,USA,AZ,,60,1,137.8
0,USA,AZ,,61,1,139.8
0,USA,AZ,,62,1,141.8
0,USA,AZ,,63,1,143.8
0,USA,AZ,,64,1,145.8
0,USA,AZ,,65,1,147.8
0,USA,AZ,,66,1,149.8
0,USA,AZ,,67,1,151.8
0,USA,AZ,,68,1,153.8
0,USA,AZ,,69,1,155.8
0,USA,AZ,,70,1,157.8
0,USA,CA,,1,1,19.8
0,USA,CA,,2,1,21.8
0,USA,CA,,3,1,23.8
0,USA,CA,,4,1,25.8
0,USA,CA,,5,1,27.8
0,USA,CA,,6,1,29.8
0,USA,CA,,7,1,31.8
0,USA,CA,,8,1,33.8
0,USA,CA,,9,1,35.8
0,USA,CA,,10,1,37.8
0,USA,CA,,11,1,39.8
0,USA,CA,,12,1,41.8
0,USA,CA,,13,1,43.8
0,USA,CA,,14,1,45.8
0,USA,CA,,15,1,47.8
0,USA,CA,,16,1,49.8
0,USA,CA,,17,1,51.8
0,USA,CA,,18,1,53.8
0,USA,CA,,19,1,55.8
0,USA,CA,,20,1,57.8
0,USA,CA,,21,1,59.8
0,USA,CA,,22,1,61.8
0,USA,CA,,23,1,63.8
0,USA,CA,,24,1,65.8
0,USA,CA,,25,1,67.8
0,USA,CA,,26,1,69.8
0,USA,CA,,27,1,71.8
0,USA,CA,,28,1,73.8
0,USA,CA,,29,1,75.8
0,USA,CA,,30,1,77.8
0,USA,CA,,31,1,79.8
0,USA,CA,,32,1,81.8
0,USA,CA,,33,1,83.8
0,USA,CA,,34,1,85.8
0,USA,CA,,35,1,87.8
0,USA,CA,,36,1,89.8
0,USA,CA,,37,1,91.8
0,USA,CA,,38,1,93.8
0,USA,CA,,39,1,95.8
0,USA,CA,,40,1,97.8
0,USA,CA,,41,1,99.8
0,USA,CA,,42,1,101.8
0,USA,CA,,43,1,103.8
0,USA,CA,,44,1,105.8
0,USA,CA,,45,1,107.8
0,USA,CA,,46,1,109.8
0,USA,CA,,47,1,111.8
0,USA,CA,,48,1,113.8
0,USA,CA,,49,1,115.8
0,USA,CA,,50,1,117.8
0,USA,CA,,51,1,119.8
0,USA,CA,,52,1,121.8
0,USA,CA,,53,1,123.8
0,USA,CA,,54,1,125.8
0,USA,CA,,55,1,127.8
0,USA,CA,,56,1,129.8
0,USA,CA,,57,1,131.8
0,USA,CA,,58,1,133.8
0,USA,CA,,59,1,135.8
0,USA,CA,,60,1,137.8
0,USA,CA,,61,1,139.8
0,USA,CA,,62,1,141.8
0,USA,CA,,63,1,143.8
0,USA,CA,,64,1,145.8
0,USA,CA,,65,1,147.8
0,USA,CA,,66,1,149.8
0,USA,CA,,67,1,151.8
0,USA,CA,,68,1,153.8
0,USA,CA,,69,1,155.8
0,USA,CA,,70,1,157.8
0,USA,CO,,1,1,19.8
0,USA,CO,,2,1,21.8
0,USA,CO,,3,1,23.8
0,USA,CO,,4,1,25.8
0,USA,CO,,5,1,27.8
0,USA,CO,,6,1,29.8
0,USA,CO,,7,1,31.8
0,USA,CO,,8,1,33.8
0,USA,CO,,9,1,35.8
0,USA,CO,,10,1,37.8
0,USA,CO,,11,1,39.8
0,USA,CO,,12,1,41.8
0,USA,CO,,13,1,43.8
0,USA,CO,,14,1,45.8
0,USA,CO,,15,1,47.8
0,USA,CO,,16,1,49.8
0,USA,CO,,17,1,51.8
0,USA,CO,,18,1,53.8
0,USA,CO,,19,1,55.8
0,USA,CO,,20,1,57.8
0,USA,CO,,21,1,59.8
0,USA,CO,,22,1,61.8
0,USA,CO,,23,1,63.8
0,USA,CO,,24,1,65.8
0,USA,CO,,25,1,67.8
0,USA,CO,,26,1,69.8
0,USA,CO,,27,1,71.8
0,USA,CO,,28,1,73.8
0,USA,CO,,29,1,75.8
0,USA,CO,,30,1,77.8
0,USA,CO,,31,1,79.8
0,USA,CO,,32,1,81.8
0,USA,CO,,33,1,83.8
0,USA,CO,,34,1,85.8
0,USA,CO,,35,1,87.8
0,USA,CO,,36,1,89.8
0,USA,CO,,37,1,91.8
0,USA,CO,,38,1,93.8
0,USA,CO,,39,1,95.8
0,USA,CO,,40,1,97.8
0,USA,CO,,41,1,99.8
0,USA,CO,,42,1,101.8
0,USA,CO,,43,1,103.8
0,USA,CO,,44,1,105.8
0,USA,CO,,45,1,107.8
0,USA,CO,,46,1,109.8
0,USA,CO,,47,1,111.8
0,USA,CO,,48,1,113.8
0,USA,CO,,49,1,115.8
0,USA,CO,,50,1,117.8
0,USA,CO,,51,1,119.8
0,USA,CO,,52,1,121.8
0,USA,CO,,53,1,123.8
0,USA,CO,,54,1,125.8
0,USA,CO,,55,1,127.8
0,USA,CO,,56,1,129.8
0,USA,CO,,57,1,131.8
0,USA,CO,,58,1,133.8
0,USA,CO,,59,1,135.8
0,USA,CO,,60,1,137.8
0,USA,CO,,61,1,139.8
0,USA,CO,,62,1,141.8
0,USA,CO,,63,1,143.8
0,USA,CO,,64,1,145.8
0,USA,CO,,65,1,147.8
0,USA,CO,,66,1,149.8
0,USA,CO,,67,1,151.8
0,USA,CO,,68,1,153.8
0,USA,CO,,69,1,155.8
0,USA,CO,,70,1,157.8
0,USA,CT,,1,1,19.8
0,USA,CT,,2,1,21.8
0,USA,CT,,3,1,23.8
0,USA,CT,,4,1,25.8
0,USA,CT,,5,1,27.8
0,USA,CT,,6,1,29.8
0,USA,CT,,7,1,31.8
0,USA,CT,,8,1,33.8
0,USA,CT,,9,1,35.8
0,USA,CT,,10,1,37.8
0,USA,CT,,11,1,39.8
0,USA,CT,,12,1,41.8
0,USA,CT,,13,1,43.8
0,USA,CT,,14,1,45.8
0,USA,CT,,15,1,47.8
0,USA,CT,,16,1,49.8
0,USA,CT,,17,1,51.8
0,USA,CT,,18,1,53.8
0,USA,CT,,19,1,55.8
0,USA,CT,,20,1,57.8
0,USA,CT,,21,1,59.8
0,USA,CT,,22,1,61.8
0,USA,CT,,23,1,63.8
0,USA,CT,,24,1,65.8
0,USA,CT,,25,1,67.8
0,USA,CT,,26,1,69.8
0,USA,CT,,27,1,71.8
0,USA,CT,,28,1,73.8
0,USA,CT,,29,1,75.8
0,USA,CT,,30,1,77.8
0,USA,CT,,31,1,79.8
0,USA,CT,,32,1,81.8
0,USA,CT,,33,1,83.8
0,USA,CT,,34,1,85.8
0,USA,CT,,35,1,87.8
0,USA,CT,,36,1,89.8
0,USA,CT,,37,1,91.8
0,USA,CT,,38,1,93.8
0,USA,CT,,39,1,95.8
0,USA,CT,,40,1,97.8
0,USA,CT,,41,1,99.8
0,USA,CT,,42,1,101.8
0,USA,CT,,43,1,103.8
0,USA,CT,,44,1,105.8
0,USA,CT,,45,1,107.8
0,USA,CT,,46,1,109.8
0,USA,CT,,47,1,111.8
0,USA,CT,,48,1,113.8
0,USA,CT,,49,1,115.8
0,USA,CT,,50,1,117.8
0,USA,CT,,51,1,119.8
0,USA,CT,,52,1,121.8
0,USA,CT,,53,1,123.8
0,USA,CT,,54,1,125.8
0,USA,CT,,55,1,127.8
0,USA,CT,,56,1,129.8
0,USA,CT,,57,1,131.8
0,USA,CT,,58,1,133.8
0,USA,CT,,59,1,135.8
0,USA,CT,,60,1,137.8
0,USA,CT,,61,1,139.8
0,USA,CT,,62,1,141.8
0,USA,CT,,63,1,143.8
0,USA,CT,,64,1,145.8
0,USA,CT,,65,1,147.8
0,USA,CT,,66,1,149.8
0,USA,CT,,67,1,151.8
0,USA,CT,,68,1,153.8
0,USA,CT,,69,1,155.8
0,USA,CT,,70,1,157.8
0,USA,DC,,1,1,19.8
0,USA,DC,,2,1,21.8
0,USA,DC,,3,1,23.8
0,USA,DC,,4,1,25.8
0,USA,DC,,5,1,27.8
0,USA,DC,,6,1,29.8
0,USA,DC,,7,1,31.8
0,USA,DC,,8,1,33.8
0,USA,DC,,9,1,35.8
0,USA,DC,,10,1,37.8
0,USA,DC,,11,1,39.8
0,USA,DC,,12,1,41.8
0,USA,DC,,13,1,43.8
0,USA,DC,,14,1,45.8
0,USA,DC,,15,1,47.8
0,USA,DC,,16,1,49.8
0,USA,DC,,17,1,51.8
0,USA,DC,,18,1,53.8
0,USA,DC,,19,1,55.8
0,USA,DC,,20,1,57.8
0,USA,DC,,21,1,59.8
0,USA,DC,,22,1,61.8
0,USA,DC,,23,1,63.8
0,USA,DC,,24,1,65.8
0,USA,DC,,25,1,67.8
0,USA,DC,,26,1,69.8
0,USA,DC,,27,1,71.8
0,USA,DC,,28,1,73.8
0,USA,DC,,29,1,75.8
0,USA,DC,,30,1,77.8
0,USA,DC,,31,1,79.8
0,USA,DC,,32,1,81.8
0,USA,DC,,33,1,83.8
0,USA,DC,,34,1,85.8
0,USA,DC,,35,1,87.8
0,USA,DC,,36,1,89.8
0,USA,DC,,37,1,91.8
0,USA,DC,,38,1,93.8
0,USA,DC,,39,1,95.8
0,USA,DC,,40,1,97.8
0,USA,DC,,41,1,99.8
0,USA,DC,,42,1,101.8
0,USA,DC,,43,1,103.8
0,USA,DC,,44,1,105.8
0,USA,DC,,45,1,107.8
0,USA,DC,,46,1,109.8
0,USA,DC,,47,1,111.8
0,USA,DC,,48,1,113.8
0,USA,DC,,49,1,115.8
0,USA,DC,,50,1,117.8
0,USA,DC,,51,1,119.8
0,USA,DC,,52,1,121.8
0,USA,DC,,53,1,123.8
0,USA,DC,,54,1,125.8
0,USA,DC,,55,1,127.8
0,USA,DC,,56,1,129.8
0,USA,DC,,57,1,131.8
0,USA,DC,,58,1,133.8
0,USA,DC,,59,1,135.8
0,USA,DC,,60,1,137.8
0,USA,DC,,61,1,139.8
0,USA,DC,,62,1,141.8
0,USA,DC,,63,1,143.8
0,USA,DC,,64,1,145.8
0,USA,DC,,65,1,147.8
0,USA,DC,,66,1,149.8
0,USA,DC,,67,1,151.8
0,USA,DC,,68,1,153.8
0,USA,DC,,69,1,155.8
0,USA,DC,,70,1,157.8
0,USA,FL,,1,1,19.8
0,USA,FL,,2,1,21.8
0,USA,FL,,3,1,23.8
0,USA,FL,,4,1,25.8
0,USA,FL,,5,1,27.8
0,USA,FL,,6,1,29.8
0,USA,FL,,7,1,31.8
0,USA,FL,,8,1,33.8
0,USA,FL,,9,1,35.8
0,USA,FL,,10,1,37.8
0,USA,FL,,11,1,39.8
0,USA,FL,,12,1,41.8
0,USA,FL,,13,1,43.8
0,USA,FL,,14,1,45.8
0,USA,FL,,15,1,47.8
0,USA,FL,,16,1,49.8
0,USA,FL,,17,1,51.8
0,USA,FL,,18,1,53.8
0,USA,FL,,19,1,55.8
0,USA,FL,,20,1,57.8
0,USA,FL,,21,1,59.8
0,USA,FL,,22,1,61.8
0,USA,FL,,23,1,63.8
0,USA,FL,,24,1,65.8
0,USA,FL,,25,1,67.8
0,USA,FL,,26,1,69.8
0,USA,FL,,27,1,71.8
0,USA,FL,,28,1,73.8
0,USA,FL,,29,1,75.8
0,USA,FL,,30,1,77.8
0,USA,FL,,31,1,79.8
0,USA,FL,,32,1,81.8
0,USA,FL,,33,1,83.8
0,USA,FL,,34,1,85.8
0,USA,FL,,35,1,87.8
0,USA,FL,,36,1,89.8
0,USA,FL,,37,1,91.8
0,USA,FL,,38,1,93.8
0,USA,FL,,39,1,95.8
0,USA,FL,,40,1,97.8
0,USA,FL,,41,1,99.8
0,USA,FL,,42,1,101.8
0,USA,FL,,43,1,103.8
0,USA,FL,,44,1,105.8
0,USA,FL,,45,1,107.8
0,USA,FL,,46,1,109.8
0,USA,FL,,47,1,111.8
0,USA,FL,,48,1,113.8
0,USA,FL,,49,1,115.8
0,USA,FL,,50,1,117.8
0,USA,FL,,51,1,119.8
0,USA,FL,,52,1,121.8
0,USA,FL,,53,1,123.8
0,USA,FL,,54,1,125.8
0,USA,FL,,55,1,127.8
0,USA,FL,,56,1,129.8
0,USA,FL,,57,1,131.8
0,USA,FL,,58,1,133.8
0,USA,FL,,59,1,135.8
0,USA,FL,,60,1,137.8
0,USA,FL,,61,1,139.8
0,USA,FL,,62,1,141.8
0,USA,FL,,63,1,143.8
0,USA,FL,,64,1,145.8
0,USA,FL,,65,1,147.8
0,USA,FL,,66,1,149.8
0,USA,FL,,67,1,151.8
0,USA,FL,,68,1,153.8
0,USA,FL,,69,1,155.8
0,USA,FL,,70,1,157.8
0,USA,GA,,1,1,19.8
0,USA,GA,,2,1,21.8
0,USA,GA,,3,1,23.8
0,USA,GA,,4,1,25.8
0,USA,GA,,5,1,27.8
0,USA,GA,,6,1,29.8
0,USA,GA,,7,1,31.8
0,USA,GA,,8,1,33.8
0,USA,GA,,9,1,35.8
0,USA,GA,,10,1,37.8
0,USA,GA,,11,1,39.8
0,USA,GA,,12,1,41.8
0,USA,GA,,13,1,43.8
0,USA,GA,,14,1,45.8
0,USA,GA,,15,1,47.8
0,USA,GA,,16,1,49.8
0,USA,GA,,17,1,51.8
0,USA,GA,,18,1,53.8
0,USA,GA,,19,1,55.8
0,USA,GA,,20,1,57.8
0,USA,GA,,21,1,59.8
0,USA,GA,,22,1,61.8
0,USA,GA,,23,1,63.8
0,USA,GA,,24,1,65.8
0,USA,GA,,25,1,67.8
0,USA,GA,,26,1,69.8
0,USA,GA,,27,1,71.8
0,USA,GA,,28,1,73.8
0,USA,GA,,29,1,75.8
0,USA,GA,,30,1,77.8
0,USA,GA,,31,1,79.8
0,USA,GA,,32,1,81.8
0,USA,GA,,33,1,83.8
0,USA,GA,,34,1,85.8
0,USA,GA,,35,1,87.8
0,USA,GA,,36,1,89.8
0,USA,GA,,37,1,91.8
0,USA,GA,,38,1,93.8
0,USA,GA,,39,1,95.8
0,USA,GA,,40,1,97.8
0,USA,GA,,41,1,99.8
0,USA,GA,,42,1,101.8
0,USA,GA,,43,1,103.8
0,USA,GA,,44,1,105.8
0,USA,GA,,45,1,107.8
0,USA,GA,,46,1,109.8
0,USA,GA,,47,1,111.8
0,USA,GA,,48,1,113.8
0,USA,GA,,49,1,115.8
0,USA,GA,,50,1,117.8
0,USA,GA,,51,1,119.8
0,USA,GA,,52,1,121.8
0,USA,GA,,53,1,123.8
0,USA,GA,,54,1,125.8
0,USA,GA,,55,1,127.8
0,USA,GA,,56,1,129.8
0,USA,GA,,57,1,131.8
0,USA,GA,,58,1,133.8
0,USA,GA,,59,1,135.8
0,USA,GA,,60,1,137.8
0,USA,GA,,61,1,139.8
0,USA,GA,,62,1,141.8
0,USA,GA,,63,1,143.8
0,USA,GA,,64,1,145.8
0,USA,GA,,65,1,147.8
0,USA,GA,,66,1,149.8
0,USA,GA,,67,1,151.8
0,USA,GA,,68,1,153.8
0,USA,GA,,69,1,155.8
0,USA,GA,,70,1,157.8
0,USA,HI,,1,1,19.8
0,USA,HI,,2,1,21.8
0,USA,HI,,3,1,23.8
0,USA,HI,,4,1,25.8
0,USA,HI,,5,1,27.8
0,USA,HI,,6,1,29.8
0,USA,HI,,7,1,31.8
0,USA,HI,,8,1,33.8
0,USA,HI,,9,1,35.8
0,USA,HI,,10,1,37.8
0,USA,HI,,11,1,39.8
0,USA,HI,,12,1,41.8
0,USA,HI,,13,1,43.8
0,USA,HI,,14,1,45.8
0,USA,HI,,15,1,47.8
0,USA,HI,,16,1,49.8
0,USA,HI,,17,1,51.8
0,USA,HI,,18,1,53.8
0,USA,HI,,19,1,55.8
0,USA,HI,,20,1,57.8
0,USA,HI,,21,1,59.8
0,USA,HI,,22,1,61.8
0,USA,HI,,23,1,63.8
0,USA,HI,,24,1,65.8
0,USA,HI,,25,1,67.8
0,USA,HI,,26,1,69.8
0,USA,HI,,27,1,71.8
0,USA,HI,,28,1,73.8
0,USA,HI,,29,1,75.8
0,USA,HI,,30,1,77.8
0,USA,HI,,31,1,79.8
0,USA,HI,,32,1,81.8
0,USA,HI,,33,1,83.8
0,USA,HI,,34,1,85.8
0,USA,HI,,35,1,87.8
0,USA,HI,,36,1,89.8
0,USA,HI,,37,1,91.8
0,USA,HI,,38,1,93.8
0,USA,HI,,39,1,95.8
0,USA,HI,,40,1,97.8
0,USA,HI,,41,1,99.8
0,USA,HI,,42,1,101.8
0,USA,HI,,43,1,103.8
0,USA,HI,,44,1,105.8
0,USA,HI,,45,1,107.8
0,USA,HI,,46,1,109.8
0,USA,HI,,47,1,111.8
0,USA,HI,,48,1,113.8
0,USA,HI,,49,1,115.8
0,USA,HI,,50,1,117.8
0,USA,HI,,51,1,119.8
0,USA,HI,,52,1,121.8
0,USA,HI,,53,1,123.8
0,USA,HI,,54,1,125.8
0,USA,HI,,55,1,127.8
0,USA,HI,,56,1,129.8
0,USA,HI,,57,1,131.8
0,USA,HI,,58,1,133.8
0,USA,HI,,59,1,135.8
0,USA,HI,,60,1,137.8
0,USA,HI,,61,1,139.8
0,USA,HI,,62,1,141.8
0,USA,HI,,63,1,143.8
0,USA,HI,,64,1,145.8
0,USA,HI,,65,1,147.8
0,USA,HI,,66,1,149.8
0,USA,HI,,67,1,151.8
0,USA,HI,,68,1,153.8
0,USA,HI,,69,1,155.8
0,USA,HI,,70,1,157.8
0,USA,IA,,1,1,19.8
0,USA,IA,,2,1,21.8
0,USA,IA,,3,1,23.8
0,USA,IA,,4,1,25.8
0,USA,IA,,5,1,27.8
0,USA,IA,,6,1,29.8
0,USA,IA,,7,1,31.8
0,USA,IA,,8,1,33.8
0,USA,IA,,9,1,35.8
0,USA,IA,,10,1,37.8
0,USA,IA,,11,1,39.8
0,USA,IA,,12,1,41.8
0,USA,IA,,13,1,43.8
0,USA,IA,,14,1,45.8
0,USA,IA,,15,1,47.8
0,USA,IA,,16,1,49.8
0,USA,IA,,17,1,51.8
0,USA,IA,,18,1,53.8
0,USA,IA,,19,1,55.8
0,USA,IA,,20,1,57.8
0,USA,IA,,21,1,59.8
0,USA,IA,,22,1,61.8
0,USA,IA,,23,1,63.8
0,USA,IA,,24,1,65.8
0,USA,IA,,25,1,67.8
0,USA,IA,,26,1,69.8
0,USA,IA,,27,1,71.8
0,USA,IA,,28,1,73.8
0,USA,IA,,29,1,75.8
0,USA,IA,,30,1,77.8
0,USA,IA,,31,1,79.8
0,USA,IA,,32,1,81.8
0,USA,IA,,33,1,83.8
0,USA,IA,,34,1,85.8
0,USA,IA,,35,1,87.8
0,USA,IA,,36,1,89.8
0,USA,IA,,37,1,91.8
0,USA,IA,,38,1,93.8
0,USA,IA,,39,1,95.8
0,USA,IA,,40,1,97.8
0,USA,IA,,41,1,99.8
0,USA,IA,,42,1,101.8
0,USA,IA,,43,1,103.8
0,USA,IA,,44,1,105.8
0,USA,IA,,45,1,107.8
0,USA,IA,,46,1,109.8
0,USA,IA,,47,1,111.8
0,USA,IA,,48,1,113.8
0,USA,IA,,49,1,115.8
0,USA,IA,,50,1,117.8
0,USA,IA,,51,1,119.8
0,USA,IA,,52,1,121.8
0,USA,IA,,53,1,123.8
0,USA,IA,,54,1,125.8
0,USA,IA,,55,1,127.8
0,USA,IA,,56,1,129.8
0,USA,IA,,57,1,131.8
0,USA,IA,,58,1,133.8
0,USA,IA,,59,1,135.8
0,USA,IA,,60,1,137.8
0,USA,IA,,61,1,139.8
0,USA,IA,,62,1,141.8
0,USA,IA,,63,1,143.8
0,USA,IA,,64,1,145.8
0,USA,IA,,65,1,147.8
0,USA,IA,,66,1,149.8
0,USA,IA,,67,1,151.8
0,USA,IA,,68,1,153.8
0,USA,IA,,69,1,155.8
0,USA,IA,,70,1,157.8
0,USA,ID,,1,1,19.8
0,USA,ID,,2,1,21.8
0,USA,ID,,3,1,23.8
0,USA,ID,,4,1,25.8
0,USA,ID,,5,1,27.8
0,USA,ID,,6,1,29.8
0,USA,ID,,7,1,31.8
0,USA,ID,,8,1,33.8
0,USA,ID,,9,1,35.8
0,USA,ID,,10,1,37.8
0,USA,ID,,11,1,39.8
0,USA,ID,,12,1,41.8
0,USA,ID,,13,1,43.8
0,USA,ID,,14,1,45.8
0,USA,ID,,15,1,47.8
0,USA,ID,,16,1,49.8
0,USA,ID,,17,1,51.8
0,USA,ID,,18,1,53.8
0,USA,ID,,19,1,55.8
0,USA,ID,,20,1,57.8
0,USA,ID,,21,1,59.8
0,USA,ID,,22,1,61.8
0,USA,ID,,23,1,63.8
0,USA,ID,,24,1,65.8
0,USA,ID,,25,1,67.8
0,USA,ID,,26,1,69.8
0,USA,ID,,27,1,71.8
0,USA,ID,,28,1,73.8
0,USA,ID,,29,1,75.8
0,USA,ID,,30,1,77.8
0,USA,ID,,31,1,79.8
0,USA,ID,,32,1,81.8
0,USA,ID,,33,1,83.8
0,USA,ID,,34,1,85.8
0,USA,ID,,35,1,87.8
0,USA,ID,,36,1,89.8
0,USA,ID,,37,1,91.8
0,USA,ID,,38,1,93.8
0,USA,ID,,39,1,95.8
0,USA,ID,,40,1,97.8
0,USA,ID,,41,1,99.8
0,USA,ID,,42,1,101.8
0,USA,ID,,43,1,103.8
0,USA,ID,,44,1,105.8
0,USA,ID,,45,1,107.8
0,USA,ID,,46,1,109.8
0,USA,ID,,47,1,111.8
0,USA,ID,,48,1,113.8
0,USA,ID,,49,1,115.8
0,USA,ID,,50,1,117.8
0,USA,ID,,51,1,119.8
0,USA,ID,,52,1,121.8
0,USA,ID,,53,1,123.8
0,USA,ID,,54,1,125.8
0,USA,ID,,55,1,127.8
0,USA,ID,,56,1,129.8
0,USA,ID,,57,1,131.8
0,USA,ID,,58,1,133.8
0,USA,ID,,59,1,135.8
0,USA,ID,,60,1,137.8
0,USA,ID,,61,1,139.8
0,USA,ID,,62,1,141.8
0,USA,ID,,63,1,143.8
0,USA,ID,,64,1,145.8
0,USA,ID,,65,1,147.8
0,USA,ID,,66,1,149.8
0,USA,ID,,67,1,151.8
0,USA,ID,,68,1,153.8
0,USA,ID,,69,1,155.8
0,USA,ID,,70,1,157.8
0,USA,IL,,1,1,19.8
0,USA,IL,,2,1,21.8
0,USA,IL,,3,1,23.8
0,USA,IL,,4,1,25.8
0,USA,IL,,5,1,27.8
0,USA,IL,,6,1,29.8
0,USA,IL,,7,1,31.8
0,USA,IL,,8,1,33.8
0,USA,IL,,9,1,35.8
0,USA,IL,,10,1,37.8
0,USA,IL,,11,1,39.8
0,USA,IL,,12,1,41.8
0,USA,IL,,13,1,43.8
0,USA,IL,,14,1,45.8
0,USA,IL,,15,1,47.8
0,USA,IL,,16,1,49.8
0,USA,IL,,17,1,51.8
0,USA,IL,,18,1,53.8
0,USA,IL,,19,1,55.8
0,USA,IL,,20,1,57.8
0,USA,IL,,21,1,59.8
0,USA,IL,,22,1,61.8
0,USA,IL,,23,1,63.8
0,USA,IL,,24,1,65.8
0,USA,IL,,25,1,67.8
0,USA,IL,,26,1,69.8
0,USA,IL,,27,1,71.8
0,USA,IL,,28,1,73.8
0,USA,IL,,29,1,75.8
0,USA,IL,,30,1,77.8
0,USA,IL,,31,1,79.8
0,USA,IL,,32,1,81.8
0,USA,IL,,33,1,83.8
0,USA,IL,,34,1,85.8
0,USA,IL,,35,1,87.8
0,USA,IL,,36,1,89.8
0,USA,IL,,37,1,91.8
0,USA,IL,,38,1,93.8
0,USA,IL,,39,1,95.8
0,USA,IL,,40,1,97.8
0,USA,IL,,41,1,99.8
0,USA,IL,,42,1,101.8
0,USA,IL,,43,1,103.8
0,USA,IL,,44,1,105.8
0,USA,IL,,45,1,107.8
0,USA,IL,,46,1,109.8
0,USA,IL,,47,1,111.8
0,USA,IL,,48,1,113.8
0,USA,IL,,49,1,115.8
0,USA,IL,,50,1,117.8
0,USA,IL,,51,1,119.8
0,USA,IL,,52,1,121.8
0,USA,IL,,53,1,123.8
0,USA,IL,,54,1,125.8
0,USA,IL,,55,1,127.8
0,USA,IL,,56,1,129.8
0,USA,IL,,57,1,131.8
0,USA,IL,,58,1,133.8
0,USA,IL,,59,1,135.8
0,USA,IL,,60,1,137.8
0,USA,IL,,61,1,139.8
0,USA,IL,,62,1,141.8
0,USA,IL,,63,1,143.8
0,USA,IL,,64,1,145.8
0,USA,IL,,65,1,147.8
0,USA,IL,,66,1,149.8
0,USA,IL,,67,1,151.8
0,USA,IL,,68,1,153.8
0,USA,IL,,69,1,155.8
0,USA,IL,,70,1,157.8
0,USA,IN,,1,1,19.8
0,USA,IN,,2,1,21.8
0,USA,IN,,3,1,23.8
0,USA,IN,,4,1,25.8
0,USA,IN,,5,1,27.8
0,USA,IN,,6,1,29.8
0,USA,IN,,7,1,31.8
0,USA,IN,,8,1,33.8
0,USA,IN,,9,1,35.8
0,USA,IN,,10,1,37.8
0,USA,IN,,11,1,39.8
0,USA,IN,,12,1,41.8
0,USA,IN,,13,1,43.8
0,USA,IN,,14,1,45.8
0,USA,IN,,15,1,47.8
0,USA,IN,,16,1,49.8
0,USA,IN,,17,1,51.8
0,USA,IN,,18,1,53.8
0,USA,IN,,19,1,55.8
0,USA,IN,,20,1,57.8
0,USA,IN,,21,1,59.8
0,USA,IN,,22,1,61.8
0,USA,IN,,23,1,63.8
0,USA,IN,,24,1,65.8
0,USA,IN,,25,1,67.8
0,USA,IN,,26,1,69.8
0,USA,IN,,27,1,71.8
0,USA,IN,,28,1,73.8
0,USA,IN,,29,1,75.8
0,USA,IN,,30,1,77.8
0,USA,IN,,31,1,79.8
0,USA,IN,,32,1,81.8
0,USA,IN,,33,1,83.8
0,USA,IN,,34,1,85.8
0,USA,IN,,35,1,87.8
0,USA,IN,,36,1,89.8
0,USA,IN,,37,1,91.8
0,USA,IN,,38,1,93.8
0,USA,IN,,39,1,95.8
0,USA,IN,,40,1,97.8
0,USA,IN,,41,1,99.8
0,USA,IN,,42,1,101.8
0,USA,IN,,43,1,103.8
0,USA,IN,,44,1,105.8
0,USA,IN,,45,1,107.8
0,USA,IN,,46,1,109.8
0,USA,IN,,47,1,111.8
0,USA,IN,,48,1,113.8
0,USA,IN,,49,1,115.8
0,USA,IN,,50,1,117.8
0,USA,IN,,51,1,119.8
0,USA,IN,,52,1,121.8
0,USA,IN,,53,1,123.8
0,USA,IN,,54,1,125.8
0,USA,IN,,55,1,127.8
0,USA,IN,,56,1,129.8
0,USA,IN,,57,1,131.8
0,USA,IN,,58,1,133.8
0,USA,IN,,59,1,135.8
0,USA,IN,,60,1,137.8
0,USA,IN,,61,1,139.8
0,USA,IN,,62,1,141.8
0,USA,IN,,63,1,143.8
0,USA,IN,,64,1,145.8
0,USA,IN,,65,1,147.8
0,USA,IN,,66,1,149.8
0,USA,IN,,67,1,151.8
0,USA,IN,,68,1,153.8
0,USA,IN,,69,1,155.8
0,USA,IN,,70,1,157.8
0,USA,KS,,1,1,19.8
0,USA,KS,,2,1,21.8
0,USA,KS,,3,1,23.8
0,USA,KS,,4,1,25.8
0,USA,KS,,5,1,27.8
0,USA,KS,,6,1,29.8
0,USA,KS,,7,1,31.8
0,USA,KS,,8,1,33.8
0,USA,KS,,9,1,35.8
0,USA,KS,,10,1,37.8
0,USA,KS,,11,1,39.8
0,USA,KS,,12,1,41.8
0,USA,KS,,13,1,43.8
0,USA,KS,,14,1,45.8
0,USA,KS,,15,1,47.8
0,USA,KS,,16,1,49.8
0,USA,KS,,17,1,51.8
0,USA,KS,,18,1,53.8
0,USA,KS,,19,1,55.8
0,USA,KS,,20,1,57.8
0,USA,KS,,21,1,59.8
0,USA,KS,,22,1,61.8
0,USA,KS,,23,1,63.8
0,USA,KS,,24,1,65.8
0,USA,KS,,25,1,67.8
0,USA,KS,,26,1,69.8
0,USA,KS,,27,1,71.8
0,USA,KS,,28,1,73.8
0,USA,KS,,29,1,75.8
0,USA,KS,,30,1,77.8
0,USA,KS,,31,1,79.8
0,USA,KS,,32,1,81.8
0,USA,KS,,33,1,83.8
0,USA,KS,,34,1,85.8
0,USA,KS,,35,1,87.8
0,USA,KS,,36,1,89.8
0,USA,KS,,37,1,91.8
0,USA,KS,,38,1,93.8
0,USA,KS,,39,1,95.8
0,USA,KS,,40,1,97.8
0,USA,KS,,41,1,99.8
0,USA,KS,,42,1,101.8
0,USA,KS,,43,1,103.8
0,USA,KS,,44,1,105.8
0,USA,KS,,45,1,107.8
0,USA,KS,,46,1,109.8
0,USA,KS,,47,1,111.8
0,USA,KS,,48,1,113.8
0,USA,KS,,49,1,115.8
0,USA,KS,,50,1,117.8
0,USA,KS,,51,1,119.8
0,USA,KS,,52,1,121.8
0,USA,KS,,53,1,123.8
0,USA,KS,,54,1,125.8
0,USA,KS,,55,1,127.8
0,USA,KS,,56,1,129.8
0,USA,KS,,57,1,131.8
0,USA,KS,,58,1,133.8
0,USA,KS,,59,1,135.8
0,USA,KS,,60,1,137.8
0,USA,KS,,61,1,139.8
0,USA,KS,,62,1,141.8
0,USA,KS,,63,1,143.8
0,USA,KS,,64,1,145.8
0,USA,KS,,65,1,147.8
0,USA,KS,,66,1,149.8
0,USA,KS,,67,1,151.8
0,USA,KS,,68,1,153.8
0,USA,KS,,69,1,155.8
0,USA,KS,,70,1,157.8
0,USA,LA,,1,1,19.8
0,USA,LA,,2,1,21.8
0,USA,LA,,3,1,23.8
0,USA,LA,,4,1,25.8
0,USA,LA,,5,1,27.8
0,USA,LA,,6,1,29.8
0,USA,LA,,7,1,31.8
0,USA,LA,,8,1,33.8
0,USA,LA,,9,1,35.8
0,USA,LA,,10,1,37.8
0,USA,LA,,11,1,39.8
0,USA,LA,,12,1,41.8
0,USA,LA,,13,1,43.8
0,USA,LA,,14,1,45.8
0,USA,LA,,15,1,47.8
0,USA,LA,,16,1,49.8
0,USA,LA,,17,1,51.8
0,USA,LA,,18,1,53.8
0,USA,LA,,19,1,55.8
0,USA,LA,,20,1,57.8
0,USA,LA,,21,1,59.8
0,USA,LA,,22,1,61.8
0,USA,LA,,23,1,63.8
0,USA,LA,,24,1,65.8
0,USA,LA,,25,1,67.8
0,USA,LA,,26,1,69.8
0,USA,LA,,27,1,71.8
0,USA,LA,,28,1,73.8
0,USA,LA,,29,1,75.8
0,USA,LA,,30,1,77.8
0,USA,LA,,31,1,79.8
0,USA,LA,,32,1,81.8
0,USA,LA,,33,1,83.8
0,USA,LA,,34,1,85.8
0,USA,LA,,35,1,87.8
0,USA,LA,,36,1,89.8
0,USA,LA,,37,1,91.8
0,USA,LA,,38,1,93.8
0,USA,LA,,39,1,95.8
0,USA,LA,,40,1,97.8
0,USA,LA,,41,1,99.8
0,USA,LA,,42,1,101.8
0,USA,LA,,43,1,103.8
0,USA,LA,,44,1,105.8
0,USA,LA,,45,1,107.8
0,USA,LA,,46,1,109.8
0,USA,LA,,47,1,111.8
0,USA,LA,,48,1,113.8
0,USA,LA,,49,1,115.8
0,USA,LA,,50,1,117.8
0,USA,LA,,51,1,119.8
0,USA,LA,,52,1,121.8
0,USA,LA,,53,1,123.8
0,USA,LA,,54,1,125.8
0,USA,LA,,55,1,127.8
0,USA,LA,,56,1,129.8
0,USA,LA,,57,1,131.8
0,USA,LA,,58,1,133.8
0,USA,LA,,59,1,135.8
0,USA,LA,,60,1,137.8
0,USA,LA,,61,1,139.8
0,USA,LA,,62,1,141.8
0,USA,LA,,63,1,143.8
0,USA,LA,,64,1,145.8
0,USA,LA,,65,1,147.8
0,USA,LA,,66,1,149.8
0,USA,LA,,67,1,151.8
0,USA,LA,,68,1,153.8
0,USA,LA,,69,1,155.8
0,USA,LA,,70,1,157.8
0,USA,MA,,1,1,19.8
0,USA,MA,,2,1,21.8
0,USA,MA,,3,1,23.8
0,USA,MA,,4,1,25.8
0,USA,MA,,5,1,27.8
0,USA,MA,,6,1,29.8
0,USA,MA,,7,1,31.8
0,USA,MA,,8,1,33.8
0,USA,MA,,9,1,35.8
0,USA,MA,,10,1,37.8
0,USA,MA,,11,1,39.8
0,USA,MA,,12,1,41.8
0,USA,MA,,13,1,43.8
0,USA,MA,,14,1,45.8
0,USA,MA,,15,1,47.8
0,USA,MA,,16,1,49.8
0,USA,MA,,17,1,51.8
0,USA,MA,,18,1,53.8
0,USA,MA,,19,1,55.8
0,USA,MA,,20,1,57.8
0,USA,MA,,21,1,59.8
0,USA,MA,,22,1,61.8
0,USA,MA,,23,1,63.8
0,USA,MA,,24,1,65.8
0,USA,MA,,25,1,67.8
0,USA,MA,,26,1,69.8
0,USA,MA,,27,1,71.8
0,USA,MA,,28,1,73.8
0,USA,MA,,29,1,75.8
0,USA,MA,,30,1,77.8
0,USA,MA,,31,1,79.8
0,USA,MA,,32,1,81.8
0,USA,MA,,33,1,83.8
0,USA,MA,,34,1,85.8
0,USA,MA,,35,1,87.8
0,USA,MA,,36,1,89.8
0,USA,MA,,37,1,91.8
0,USA,MA,,38,1,93.8
0,USA,MA,,39,1,95.8
0,USA,MA,,40,1,97.8
0,USA,MA,,41,1,99.8
0,USA,MA,,42,1,101.8
0,USA,MA,,43,1,103.8
0,USA,MA,,44,1,105.8
0,USA,MA,,45,1,107.8
0,USA,MA,,46,1,109.8
0,USA,MA,,47,1,111.8
0,USA,MA,,48,1,113.8
0,USA,MA,,49,1,115.8
0,USA,MA,,50,1,117.8
0,USA,MA,,51,1,119.8
0,USA,MA,,52,1,121.8
0,USA,MA,,53,1,123.8
0,USA,MA,,54,1,125.8
0,USA,MA,,55,1,127.8
0,USA,MA,,56,1,129.8
0,USA,MA,,57,1,131.8
0,USA,MA,,58,1,133.8
0,USA,MA,,59,1,135.8
0,USA,MA,,60,1,137.8
0,USA,MA,,61,1,139.8
0,USA,MA,,62,1,141.8
0,USA,MA,,63,1,143.8
0,USA,MA,,64,1,145.8
0,USA,MA,,65,1,147.8
0,USA,MA,,66,1,149.8
0,USA,MA,,67,1,151.8
0,USA,MA,,68,1,153.8
0,USA,MA,,69,1,155.8
0,USA,MA,,70,1,157.8
0,USA,MD,,1,1,19.8
0,USA,MD,,2,1,21.8
0,USA,MD,,3,1,23.8
0,USA,MD,,4,1,25.8
0,USA,MD,,5,1,27.8
0,USA,MD,,6,1,29.8
0,USA,MD,,7,1,31.8
0,USA,MD,,8,1,33.8
0,USA,MD,,9,1,35.8
0,USA,MD,,10,1,37.8
0,USA,MD,,11,1,39.8
0,USA,MD,,12,1,41.8
0,USA,MD,,13,1,43.8
0,USA,MD,,14,1,45.8
0,USA,MD,,15,1,47.8
0,USA,MD,,16,1,49.8
0,USA,MD,,17,1,51.8
0,USA,MD,,18,1,53.8
0,USA,MD,,19,1,55.8
0,USA,MD,,20,1,57.8
0,USA,MD,,21,1,59.8
0,USA,MD,,22,1,61.8
0,USA,MD,,23,1,63.8
0,USA,MD,,24,1,65.8
0,USA,MD,,25,1,67.8
0,USA,MD,,26,1,69.8
0,USA,MD,,27,1,71.8
0,USA,MD,,28,1,73.8
0,USA,MD,,29,1,75.8
0,USA,MD,,30,1,77.8
0,USA,MD,,31,1,79.8
0,USA,MD,,32,1,81.8
0,USA,MD,,33,1,83.8
0,USA,MD,,34,1,85.8
0,USA,MD,,35,1,87.8
0,USA,MD,,36,1,89.8
0,USA,MD,,37,1,91.8
0,USA,MD,,38,1,93.8
0,USA,MD,,39,1,95.8
0,USA,MD,,40,1,97.8
0,USA,MD,,41,1,99.8
0,USA,MD,,42,1,101.8
0,USA,MD,,43,1,103.8
0,USA,MD,,44,1,105.8
0,USA,MD,,45,1,107.8
0,USA,MD,,46,1,109.8
0,USA,MD,,47,1,111.8
0,USA,MD,,48,1,113.8
0,USA,MD,,49,1,115.8
0,USA,MD,,50,1,117.8
0,USA,MD,,51,1,119.8
0,USA,MD,,52,1,121.8
0,USA,MD,,53,1,123.8
0,USA,MD,,54,1,125.8
0,USA,MD,,55,1,127.8
0,USA,MD,,56,1,129.8
0,USA,MD,,57,1,131.8
0,USA,MD,,58,1,133.8
0,USA,MD,,59,1,135.8
0,USA,MD,,60,1,137.8
0,USA,MD,,61,1,139.8
0,USA,MD,,62,1,141.8
0,USA,MD,,63,1,143.8
0,USA,MD,,64,1,145.8
0,USA,MD,,65,1,147.8
0,USA,MD,,66,1,149.8
0,USA,MD,,67,1,151.8
0,USA,MD,,68,1,153.8
0,USA,MD,,69,1,155.8
0,USA,MD,,70,1,157.8
0,USA,ME,,1,1,19.8
0,USA,ME,,2,1,21.8
0,USA,ME,,3,1,23.8
0,USA,ME,,4,1,25.8
0,USA,ME,,5,1,27.8
0,USA,ME,,6,1,29.8
0,USA,ME,,7,1,31.8
0,USA,ME,,8,1,33.8
0,USA,ME,,9,1,35.8
0,USA,ME,,10,1,37.8
0,USA,ME,,11,1,39.8
0,USA,ME,,12,1,41.8
0,USA,ME,,13,1,43.8
0,USA,ME,,14,1,45.8
0,USA,ME,,15,1,47.8
0,USA,ME,,16,1,49.8
0,USA,ME,,17,1,51.8
0,USA,ME,,18,1,53.8
0,USA,ME,,19,1,55.8
0,USA,ME,,20,1,57.8
0,USA,ME,,21,1,59.8
0,USA,ME,,22,1,61.8
0,USA,ME,,23,1,63.8
0,USA,ME,,24,1,65.8
0,USA,ME,,25,1,67.8
0,USA,ME,,26,1,69.8
0,USA,ME,,27,1,71.8
0,USA,ME,,28,1,73.8
0,USA,ME,,29,1,75.8
0,USA,ME,,30,1,77.8
0,USA,ME,,31,1,79.8
0,USA,ME,,32,1,81.8
0,USA,ME,,33,1,83.8
0,USA,ME,,34,1,85.8
0,USA,ME,,35,1,87.8
0,USA,ME,,36,1,89.8
0,USA,ME,,37,1,91.8
0,USA,ME,,38,1,93.8
0,USA,ME,,39,1,95.8
0,USA,ME,,40,1,97.8
0,USA,ME,,41,1,99.8
0,USA,ME,,42,1,101.8
0,USA,ME,,43,1,103.8
0,USA,ME,,44,1,105.8
0,USA,ME,,45,1,107.8
0,USA,ME,,46,1,109.8
0,USA,ME,,47,1,111.8
0,USA,ME,,48,1,113.8
0,USA,ME,,49,1,115.8
0,USA,ME,,50,1,117.8
0,USA,ME,,51,1,119.8
0,USA,ME,,52,1,121.8
0,USA,ME,,53,1,123.8
0,USA,ME,,54,1,125.8
0,USA,ME,,55,1,127.8
0,USA,ME,,56,1,129.8
0,USA,ME,,57,1,131.8
0,USA,ME,,58,1,133.8
0,USA,ME,,59,1,135.8
0,USA,ME,,60,1,137.8
0,USA,ME,,61,1,139.8
0,USA,ME,,62,1,141.8
0,USA,ME,,63,1,143.8
0,USA,ME,,64,1,145.8
0,USA,ME,,65,1,147.8
0,USA,ME,,66,1,149.8
0,USA,ME,,67,1,151.8
0,USA,ME,,68,1,153.8
0,USA,ME,,69,1,155.8
0,USA,ME,,70,1,157.8
0,USA,MI,,1,1,19.8
0,USA,MI,,2,1,21.8
0,USA,MI,,3,1,23.8
0,USA,MI,,4,1,25.8
0,USA,MI,,5,1,27.8
0,USA,MI,,6,1,29.8
0,USA,MI,,7,1,31.8
0,USA,MI,,8,1,33.8
0,USA,MI,,9,1,35.8
0,USA,MI,,10,1,37.8
0,USA,MI,,11,1,39.8
0,USA,MI,,12,1,41.8
0,USA,MI,,13,1,43.8
0,USA,MI,,14,1,45.8
0,USA,MI,,15,1,47.8
0,USA,MI,,16,1,49.8
0,USA,MI,,17,1,51.8
0,USA,MI,,18,1,53.8
0,USA,MI,,19,1,55.8
0,USA,MI,,20,1,57.8
0,USA,MI,,21,1,59.8
0,USA,MI,,22,1,61.8
0,USA,MI,,23,1,63.8
0,USA,MI,,24,1,65.8
0,USA,MI,,25,1,67.8
0,USA,MI,,26,1,69.8
0,USA,MI,,27,1,71.8
0,USA,MI,,28,1,73.8
0,USA,MI,,29,1,75.8
0,USA,MI,,30,1,77.8
0,USA,MI,,31,1,79.8
0,USA,MI,,32,1,81.8
0,USA,MI,,33,1,83.8
0,USA,MI,,34,1,85.8
0,USA,MI,,35,1,87.8
0,USA,MI,,36,1,89.8
0,USA,MI,,37,1,91.8
0,USA,MI,,38,1,93.8
0,USA,MI,,39,1,95.8
0,USA,MI,,40,1,97.8
0,USA,MI,,41,1,99.8
0,USA,MI,,42,1,101.8
0,USA,MI,,43,1,103.8
0,USA,MI,,44,1,105.8
0,USA,MI,,45,1,107.8
0,USA,MI,,46,1,109.8
0,USA,MI,,47,1,111.8
0,USA,MI,,48,1,113.8
0,USA,MI,,49,1,115.8
0,USA,MI,,50,1,117.8
0,USA,MI,,51,1,119.8
0,USA,MI,,52,1,121.8
0,USA,MI,,53,1,123.8
0,USA,MI,,54,1,125.8
0,USA,MI,,55,1,127.8
0,USA,MI,,56,1,129.8
0,USA,MI,,57,1,131.8
0,USA,MI,,58,1,133.8
0,USA,MI,,59,1,135.8
0,USA,MI,,60,1,137.8
0,USA,MI,,61,1,139.8
0,USA,MI,,62,1,141.8
0,USA,MI,,63,1,143.8
0,USA,MI,,64,1,145.8
0,USA,MI,,65,1,147.8
0,USA,MI,,66,1,149.8
0,USA,MI,,67,1,151.8
0,USA,MI,,68,1,153.8
0,USA,MI,,69,1,155.8
0,USA,MI,,70,1,157.8
0,USA,MN,,1,1,19.8
0,USA,MN,,2,1,21.8
0,USA,MN,,3,1,23.8
0,USA,MN,,4,1,25.8
0,USA,MN,,5,1,27.8
0,USA,MN,,6,1,29.8
0,USA,MN,,7,1,31.8
0,USA,MN,,8,1,33.8
0,USA,MN,,9,1,35.8
0,USA,MN,,10,1,37.8
0,USA,MN,,11,1,39.8
0,USA,MN,,12,1,41.8
0,USA,MN,,13,1,43.8
0,USA,MN,,14,1,45.8
0,USA,MN,,15,1,47.8
0,USA,MN,,16,1,49.8
0,USA,MN,,17,1,51.8
0,USA,MN,,18,1,53.8
0,USA,MN,,19,1,55.8
0,USA,MN,,20,1,57.8
0,USA,MN,,21,1,59.8
0,USA,MN,,22,1,61.8
0,USA,MN,,23,1,63.8
0,USA,MN,,24,1,65.8
0,USA,MN,,25,1,67.8
0,USA,MN,,26,1,69.8
0,USA,MN,,27,1,71.8
0,USA,MN,,28,1,73.8
0,USA,MN,,29,1,75.8
0,USA,MN,,30,1,77.8
0,USA,MN,,31,1,79.8
0,USA,MN,,32,1,81.8
0,USA,MN,,33,1,83.8
0,USA,MN,,34,1,85.8
0,USA,MN,,35,1,87.8
0,USA,MN,,36,1,89.8
0,USA,MN,,37,1,91.8
0,USA,MN,,38,1,93.8
0,USA,MN,,39,1,95.8
0,USA,MN,,40,1,97.8
0,USA,MN,,41,1,99.8
0,USA,MN,,42,1,101.8
0,USA,MN,,43,1,103.8
0,USA,MN,,44,1,105.8
0,USA,MN,,45,1,107.8
0,USA,MN,,46,1,109.8
0,USA,MN,,47,1,111.8
0,USA,MN,,48,1,113.8
0,USA,MN,,49,1,115.8
0,USA,MN,,50,1,117.8
0,USA,MN,,51,1,119.8
0,USA,MN,,52,1,121.8
0,USA,MN,,53,1,123.8
0,USA,MN,,54,1,125.8
0,USA,MN,,55,1,127.8
0,USA,MN,,56,1,129.8
0,USA,MN,,57,1,131.8
0,USA,MN,,58,1,133.8
0,USA,MN,,59,1,135.8
0,USA,MN,,60,1,137.8
0,USA,MN,,61,1,139.8
0,USA,MN,,62,1,141.8
0,USA,MN,,63,1,143.8
0,USA,MN,,64,1,145.8
0,USA,MN,,65,1,147.8
0,USA,MN,,66,1,149.8
0,USA,MN,,67,1,151.8
0,USA,MN,,68,1,153.8
0,USA,MN,,69,1,155.8
0,USA,MN,,70,1,157.8
0,USA,MO,,1,1,19.8
0,USA,MO,,2,1,21.8
0,USA,MO,,3,1,23.8
0,USA,MO,,4,1,25.8
0,USA,MO,,5,1,27.8
0,USA,MO,,6,1,29.8
0,USA,MO,,7,1,31.8
0,USA,MO,,8,1,33.8
0,USA,MO,,9,1,35.8
0,USA,MO,,10,1,37.8
0,USA,MO,,11,1,39.8
0,USA,MO,,12,1,41.8
0,USA,MO,,13,1,43.8
0,USA,MO,,14,1,45.8
0,USA,MO,,15,1,47.8
0,USA,MO,,16,1,49.8
0,USA,MO,,17,1,51.8
0,USA,MO,,18,1,53.8
0,USA,MO,,19,1,55.8
0,USA,MO,,20,1,57.8
0,USA,MO,,21,1,59.8
0,USA,MO,,22,1,61.8
0,USA,MO,,23,1,63.8
0,USA,MO,,24,1,65.8
0,USA,MO,,25,1,67.8
0,USA,MO,,26,1,69.8
0,USA,MO,,27,1,71.8
0,USA,MO,,28,1,73.8
0,USA,MO,,29,1,75.8
0,USA,MO,,30,1,77.8
0,USA,MO,,31,1,79.8
0,USA,MO,,32,1,81.8
0,USA,MO,,33,1,83.8
0,USA,MO,,34,1,85.8
0,USA,MO,,35,1,87.8
0,USA,MO,,36,1,89.8
0,USA,MO,,37,1,91.8
0,USA,MO,,38,1,93.8
0,USA,MO,,39,1,95.8
0,USA,MO,,40,1,97.8
0,USA,MO,,41,1,99.8
0,USA,MO,,42,1,101.8
0,USA,MO,,43,1,103.8
0,USA,MO,,44,1,105.8
0,USA,MO,,45,1,107.8
0,USA,MO,,46,1,109.8
0,USA,MO,,47,1,111.8
0,USA,MO,,48,1,113.8
0,USA,MO,,49,1,115.8
0,USA,MO,,50,1,117.8
0,USA,MO,,51,1,119.8
0,USA,MO,,52,1,121.8
0,USA,MO,,53,1,123.8
0,USA,MO,,54,1,125.8
0,USA,MO,,55,1,127.8
0,USA,MO,,56,1,129.8
0,USA,MO,,57,1,131.8
0,USA,MO,,58,1,133.8
0,USA,MO,,59,1,135.8
0,USA,MO,,60,1,137.8
0,USA,MO,,61,1,139.8
0,USA,MO,,62,1,141.8
0,USA,MO,,63,1,143.8
0,USA,MO,,64,1,145.8
0,USA,MO,,65,1,147.8
0,USA,MO,,66,1,149.8
0,USA,MO,,67,1,151.8
0,USA,MO,,68,1,153.8
0,USA,MO,,69,1,155.8
0,USA,MO,,70,1,157.8
0,USA,MT,,1,1,19.8
0,USA,MT,,2,1,21.8
0,USA,MT,,3,1,23.8
0,USA,MT,,4,1,25.8
0,USA,MT,,5,1,27.8
0,USA,MT,,6,1,29.8
0,USA,MT,,7,1,31.8
0,USA,MT,,8,1,33.8
0,USA,MT,,9,1,35.8
0,USA,MT,,10,1,37.8
0,USA,MT,,11,1,39.8
0,USA,MT,,12,1,41.8
0,USA,MT,,13,1,43.8
0,USA,MT,,14,1,45.8
0,USA,MT,,15,1,47.8
0,USA,MT,,16,1,49.8
0,USA,MT,,17,1,51.8
0,USA,MT,,18,1,53.8
0,USA,MT,,19,1,55.8
0,USA,MT,,20,1,57.8
0,USA,MT,,21,1,59.8
0,USA,MT,,22,1,61.8
0,USA,MT,,23,1,63.8
0,USA,MT,,24,1,65.8
0,USA,MT,,25,1,67.8
0,USA,MT,,26,1,69.8
0,USA,MT,,27,1,71.8
0,USA,MT,,28,1,73.8
0,USA,MT,,29,1,75.8
0,USA,MT,,30,1,77.8
0,USA,MT,,31,1,79.8
0,USA,MT,,32,1,81.8
0,USA,MT,,33,1,83.8
0,USA,MT,,34,1,85.8
0,USA,MT,,35,1,87.8
0,USA,MT,,36,1,89.8
0,USA,MT,,37,1,91.8
0,USA,MT,,38,1,93.8
0,USA,MT,,39,1,95.8
0,USA,MT,,40,1,97.8
0,USA,MT,,41,1,99.8
0,USA,MT,,42,1,101.8
0,USA,MT,,43,1,103.8
0,USA,MT,,44,1,105.8
0,USA,MT,,45,1,107.8
0,USA,MT,,46,1,109.8
0,USA,MT,,47,1,111.8
0,USA,MT,,48,1,113.8
0,USA,MT,,49,1,115.8
0,USA,MT,,50,1,117.8
0,USA,MT,,51,1,119.8
0,USA,MT,,52,1,121.8
0,USA,MT,,53,1,123.8
0,USA,MT,,54,1,125.8
0,USA,MT,,55,1,127.8
0,USA,MT,,56,1,129.8
0,USA,MT,,57,1,131.8
0,USA,MT,,58,1,133.8
0,USA,MT,,59,1,135.8
0,USA,MT,,60,1,137.8
0,USA,MT,,61,1,139.8
0,USA,MT,,62,1,141.8
0,USA,MT,,63,1,143.8
0,USA,MT,,64,1,145.8
0,USA,MT,,65,1,147.8
0,USA,MT,,66,1,149.8
0,USA,MT,,67,1,151.8
0,USA,MT,,68,1,153.8
0,USA,MT,,69,1,155.8
0,USA,MT,,70,1,157.8
0,USA,NC,,1,1,19.8
0,USA,NC,,2,1,21.8
0,USA,NC,,3,1,23.8
0,USA,NC,,4,1,25.8
0,USA,NC,,5,1,27.8
0,USA,NC,,6,1,29.8
0,USA,NC,,7,1,31.8
0,USA,NC,,8,1,33.8
0,USA,NC,,9,1,35.8
0,USA,NC,,10,1,37.8
0,USA,NC,,11,1,39.8
0,USA,NC,,12,1,41.8
0,USA,NC,,13,1,43.8
0,USA,NC,,14,1,45.8
0,USA,NC,,15,1,47.8
0,USA,NC,,16,1,49.8
0,USA,NC,,17,1,51.8
0,USA,NC,,18,1,53.8
0,USA,NC,,19,1,55.8
0,USA,NC,,20,1,57.8
0,USA,NC,,21,1,59.8
0,USA,NC,,22,1,61.8
0,USA,NC,,23,1,63.8
0,USA,NC,,24,1,65.8
0,USA,NC,,25,1,67.8
0,USA,NC,,26,1,69.8
0,USA,NC,,27,1,71.8
0,USA,NC,,28,1,73.8
0,USA,NC,,29,1,75.8
0,USA,NC,,30,1,77.8
0,USA,NC,,31,1,79.8
0,USA,NC,,32,1,81.8
0,USA,NC,,33,1,83.8
0,USA,NC,,34,1,85.8
0,USA,NC,,35,1,87.8
0,USA,NC,,36,1,89.8
0,USA,NC,,37,1,91.8
0,USA,NC,,38,1,93.8
0,USA,NC,,39,1,95.8
0,USA,NC,,40,1,97.8
0,USA,NC,,41,1,99.8
0,USA,NC,,42,1,101.8
0,USA,NC,,43,1,103.8
0,USA,NC,,44,1,105.8
0,USA,NC,,45,1,107.8
0,USA,NC,,46,1,109.8
0,USA,NC,,47,1,111.8
0,USA,NC,,48,1,113.8
0,USA,NC,,49,1,115.8
0,USA,NC,,50,1,117.8
0,USA,NC,,51,1,119.8
0,USA,NC,,52,1,121.8
0,USA,NC,,53,1,123.8
0,USA,NC,,54,1,125.8
0,USA,NC,,55,1,127.8
0,USA,NC,,56,1,129.8
0,USA,NC,,57,1,131.8
0,USA,NC,,58,1,133.8
0,USA,NC,,59,1,135.8
0,USA,NC,,60,1,137.8
0,USA,NC,,61,1,139.8
0,USA,NC,,62,1,141.8
0,USA,NC,,63,1,143.8
0,USA,NC,,64,1,145.8
0,USA,NC,,65,1,147.8
0,USA,NC,,66,1,149.8
0,USA,NC,,67,1,151.8
0,USA,NC,,68,1,153.8
0,USA,NC,,69,1,155.8
0,USA,NC,,70,1,157.8
0,USA,ND,,1,1,19.8
0,USA,ND,,2,1,21.8
0,USA,ND,,3,1,23.8
0,USA,ND,,4,1,25.8
0,USA,ND,,5,1,27.8
0,USA,ND,,6,1,29.8
0,USA,ND,,7,1,31.8
0,USA,ND,,8,1,33.8
0,USA,ND,,9,1,35.8
0,USA,ND,,10,1,37.8
0,USA,ND,,11,1,39.8
0,USA,ND,,12,1,41.8
0,USA,ND,,13,1,43.8
0,USA,ND,,14,1,45.8
0,USA,ND,,15,1,47.8
0,USA,ND,,16,1,49.8
0,USA,ND,,17,1,51.8
0,USA,ND,,18,1,53.8
0,USA,ND,,19,1,55.8
0,USA,ND,,20,1,57.8
0,USA,ND,,21,1,59.8
0,USA,ND,,22,1,61.8
0,USA,ND,,23,1,63.8
0,USA,ND,,24,1,65.8
0,USA,ND,,25,1,67.8
0,USA,ND,,26,1,69.8
0,USA,ND,,27,1,71.8
0,USA,ND,,28,1,73.8
0,USA,ND,,29,1,75.8
0,USA,ND,,30,1,77.8
0,USA,ND,,31,1,79.8
0,USA,ND,,32,1,81.8
0,USA,ND,,33,1,83.8
0,USA,ND,,34,1,85.8
0,USA,ND,,35,1,87.8
0,USA,ND,,36,1,89.8
0,USA,ND,,37,1,91.8
0,USA,ND,,38,1,93.8
0,USA,ND,,39,1,95.8
0,USA,ND,,40,1,97.8
0,USA,ND,,41,1,99.8
0,USA,ND,,42,1,101.8
0,USA,ND,,43,1,103.8
0,USA,ND,,44,1,105.8
0,USA,ND,,45,1,107.8
0,USA,ND,,46,1,109.8
0,USA,ND,,47,1,111.8
0,USA,ND,,48,1,113.8
0,USA,ND,,49,1,115.8
0,USA,ND,,50,1,117.8
0,USA,ND,,51,1,119.8
0,USA,ND,,52,1,121.8
0,USA,ND,,53,1,123.8
0,USA,ND,,54,1,125.8
0,USA,ND,,55,1,127.8
0,USA,ND,,56,1,129.8
0,USA,ND,,57,1,131.8
0,USA,ND,,58,1,133.8
0,USA,ND,,59,1,135.8
0,USA,ND,,60,1,137.8
0,USA,ND,,61,1,139.8
0,USA,ND,,62,1,141.8
0,USA,ND,,63,1,143.8
0,USA,ND,,64,1,145.8
0,USA,ND,,65,1,147.8
0,USA,ND,,66,1,149.8
0,USA,ND,,67,1,151.8
0,USA,ND,,68,1,153.8
0,USA,ND,,69,1,155.8
0,USA,ND,,70,1,157.8
0,USA,NE,,1,1,19.8
0,USA,NE,,2,1,21.8
0,USA,NE,,3,1,23.8
0,USA,NE,,4,1,25.8
0,USA,NE,,5,1,27.8
0,USA,NE,,6,1,29.8
0,USA,NE,,7,1,31.8
0,USA,NE,,8,1,33.8
0,USA,NE,,9,1,35.8
0,USA,NE,,10,1,37.8
0,USA,NE,,11,1,39.8
0,USA,NE,,12,1,41.8
0,USA,NE,,13,1,43.8
0,USA,NE,,14,1,45.8
0,USA,NE,,15,1,47.8
0,USA,NE,,16,1,49.8
0,USA,NE,,17,1,51.8
0,USA,NE,,18,1,53.8
0,USA,NE,,19,1,55.8
0,USA,NE,,20,1,57.8
0,USA,NE,,21,1,59.8
0,USA,NE,,22,1,61.8
0,USA,NE,,23,1,63.8
0,USA,NE,,24,1,65.8
0,USA,NE,,25,1,67.8
0,USA,NE,,26,1,69.8
0,USA,NE,,27,1,71.8
0,USA,NE,,28,1,73.8
0,USA,NE,,29,1,75.8
0,USA,NE,,30,1,77.8
0,USA,NE,,31,1,79.8
0,USA,NE,,32,1,81.8
0,USA,NE,,33,1,83.8
0,USA,NE,,34,1,85.8
0,USA,NE,,35,1,87.8
0,USA,NE,,36,1,89.8
0,USA,NE,,37,1,91.8
0,USA,NE,,38,1,93.8
0,USA,NE,,39,1,95.8
0,USA,NE,,40,1,97.8
0,USA,NE,,41,1,99.8
0,USA,NE,,42,1,101.8
0,USA,NE,,43,1,103.8
0,USA,NE,,44,1,105.8
0,USA,NE,,45,1,107.8
0,USA,NE,,46,1,109.8
0,USA,NE,,47,1,111.8
0,USA,NE,,48,1,113.8
0,USA,NE,,49,1,115.8
0,USA,NE,,50,1,117.8
0,USA,NE,,51,1,119.8
0,USA,NE,,52,1,121.8
0,USA,NE,,53,1,123.8
0,USA,NE,,54,1,125.8
0,USA,NE,,55,1,127.8
0,USA,NE,,56,1,129.8
0,USA,NE,,57,1,131.8
0,USA,NE,,58,1,133.8
0,USA,NE,,59,1,135.8
0,USA,NE,,60,1,137.8
0,USA,NE,,61,1,139.8
0,USA,NE,,62,1,141.8
0,USA,NE,,63,1,143.8
0,USA,NE,,64,1,145.8
0,USA,NE,,65,1,147.8
0,USA,NE,,66,1,149.8
0,USA,NE,,67,1,151.8
0,USA,NE,,68,1,153.8
0,USA,NE,,69,1,155.8
0,USA,NE,,70,1,157.8
0,USA,NH,,1,1,19.8
0,USA,NH,,2,1,21.8
0,USA,NH,,3,1,23.8
0,USA,NH,,4,1,25.8
0,USA,NH,,5,1,27.8
0,USA,NH,,6,1,29.8
0,USA,NH,,7,1,31.8
0,USA,NH,,8,1,33.8
0,USA,NH,,9,1,35.8
0,USA,NH,,10,1,37.8
0,USA,NH,,11,1,39.8
0,USA,NH,,12,1,41.8
0,USA,NH,,13,1,43.8
0,USA,NH,,14,1,45.8
0,USA,NH,,15,1,47.8
0,USA,NH,,16,1,49.8
0,USA,NH,,17,1,51.8
0,USA,NH,,18,1,53.8
0,USA,NH,,19,1,55.8
0,USA,NH,,20,1,57.8
0,USA,NH,,21,1,59.8
0,USA,NH,,22,1,61.8
0,USA,NH,,23,1,63.8
0,USA,NH,,24,1,65.8
0,USA,NH,,25,1,67.8
0,USA,NH,,26,1,69.8
0,USA,NH,,27,1,71.8
0,USA,NH,,28,1,73.8
0,USA,NH,,29,1,75.8
0,USA,NH,,30,1,77.8
0,USA,NH,,31,1,79.8
0,USA,NH,,32,1,81.8
0,USA,NH,,33,1,83.8
0,USA,NH,,34,1,85.8
0,USA,NH,,35,1,87.8
0,USA,NH,,36,1,89.8
0,USA,NH,,37,1,91.8
0,USA,NH,,38,1,93.8
0,USA,NH,,39,1,95.8
0,USA,NH,,40,1,97.8
0,USA,NH,,41,1,99.8
0,USA,NH,,42,1,101.8
0,USA,NH,,43,1,103.8
0,USA,NH,,44,1,105.8
0,USA,NH,,45,1,107.8
0,USA,NH,,46,1,109.8
0,USA,NH,,47,1,111.8
0,USA,NH,,48,1,113.8
0,USA,NH,,49,1,115.8
0,USA,NH,,50,1,117.8
0,USA,NH,,51,1,119.8
0,USA,NH,,52,1,121.8
0,USA,NH,,53,1,123.8
0,USA,NH,,54,1,125.8
0,USA,NH,,55,1,127.8
0,USA,NH,,56,1,129.8
0,USA,NH,,57,1,131.8
0,USA,NH,,58,1,133.8
0,USA,NH,,59,1,135.8
0,USA,NH,,60,1,137.8
0,USA,NH,,61,1,139.8
0,USA,NH,,62,1,141.8
0,USA,NH,,63,1,143.8
0,USA,NH,,64,1,145.8
0,USA,NH,,65,1,147.8
0,USA,NH,,66,1,149.8
0,USA,NH,,67,1,151.8
0,USA,NH,,68,1,153.8
0,USA,NH,,69,1,155.8
0,USA,NH,,70,1,157.8
0,USA,NJ,,1,1,19.8
0,USA,NJ,,2,1,21.8
0,USA,NJ,,3,1,23.8
0,USA,NJ,,4,1,25.8
0,USA,NJ,,5,1,27.8
0,USA,NJ,,6,1,29.8
0,USA,NJ,,7,1,31.8
0,USA,NJ,,8,1,33.8
0,USA,NJ,,9,1,35.8
0,USA,NJ,,10,1,37.8
0,USA,NJ,,11,1,39.8
0,USA,NJ,,12,1,41.8
0,USA,NJ,,13,1,43.8
0,USA,NJ,,14,1,45.8
0,USA,NJ,,15,1,47.8
0,USA,NJ,,16,1,49.8
0,USA,NJ,,17,1,51.8
0,USA,NJ,,18,1,53.8
0,USA,NJ,,19,1,55.8
0,USA,NJ,,20,1,57.8
0,USA,NJ,,21,1,59.8
0,USA,NJ,,22,1,61.8
0,USA,NJ,,23,1,63.8
0,USA,NJ,,24,1,65.8
0,USA,NJ,,25,1,67.8
0,USA,NJ,,26,1,69.8
0,USA,NJ,,27,1,71.8
0,USA,NJ,,28,1,73.8
0,USA,NJ,,29,1,75.8
0,USA,NJ,,30,1,77.8
0,USA,NJ,,31,1,79.8
0,USA,NJ,,32,1,81.8
0,USA,NJ,,33,1,83.8
0,USA,NJ,,34,1,85.8
0,USA,NJ,,35,1,87.8
0,USA,NJ,,36,1,89.8
0,USA,NJ,,37,1,91.8
0,USA,NJ,,38,1,93.8
0,USA,NJ,,39,1,95.8
0,USA,NJ,,40,1,97.8
0,USA,NJ,,41,1,99.8
0,USA,NJ,,42,1,101.8
0,USA,NJ,,43,1,103.8
0,USA,NJ,,44,1,105.8
0,USA,NJ,,45,1,107.8
0,USA,NJ,,46,1,109.8
0,USA,NJ,,47,1,111.8
0,USA,NJ,,48,1,113.8
0,USA,NJ,,49,1,115.8
0,USA,NJ,,50,1,117.8
0,USA,NJ,,51,1,119.8
0,USA,NJ,,52,1,121.8
0,USA,NJ,,53,1,123.8
0,USA,NJ,,54,1,125.8
0,USA,NJ,,55,1,127.8
0,USA,NJ,,56,1,129.8
0,USA,NJ,,57,1,131.8
0,USA,NJ,,58,1,133.8
0,USA,NJ,,59,1,135.8
0,USA,NJ,,60,1,137.8
0,USA,NJ,,61,1,139.8
0,USA,NJ,,62,1,141.8
0,USA,NJ,,63,1,143.8
0,USA,NJ,,64,1,145.8
0,USA,NJ,,65,1,147.8
0,USA,NJ,,66,1,149.8
0,USA,NJ,,67,1,151.8
0,USA,NJ,,68,1,153.8
0,USA,NJ,,69,1,155.8
0,USA,NJ,,70,1,157.8
0,USA,NM,,1,1,19.8
0,USA,NM,,2,1,21.8
0,USA,NM,,3,1,23.8
0,USA,NM,,4,1,25.8
0,USA,NM,,5,1,27.8
0,USA,NM,,6,1,29.8
0,USA,NM,,7,1,31.8
0,USA,NM,,8,1,33.8
0,USA,NM,,9,1,35.8
0,USA,NM,,10,1,37.8
0,USA,NM,,11,1,39.8
0,USA,NM,,12,1,41.8
0,USA,NM,,13,1,43.8
0,USA,NM,,14,1,45.8
0,USA,NM,,15,1,47.8
0,USA,NM,,16,1,49.8
0,USA,NM,,17,1,51.8
0,USA,NM,,18,1,53.8
0,USA,NM,,19,1,55.8
0,USA,NM,,20,1,57.8
0,USA,NM,,21,1,59.8
0,USA,NM,,22,1,61.8
0,USA,NM,,23,1,63.8
0,USA,NM,,24,1,65.8
0,USA,NM,,25,1,67.8
0,USA,NM,,26,1,69.8
0,USA,NM,,27,1,71.8
0,USA,NM,,28,1,73.8
0,USA,NM,,29,1,75.8
0,USA,NM,,30,1,77.8
0,USA,NM,,31,1,79.8
0,USA,NM,,32,1,81.8
0,USA,NM,,33,1,83.8
0,USA,NM,,34,1,85.8
0,USA,NM,,35,1,87.8
0,USA,NM,,36,1,89.8
0,USA,NM,,37,1,91.8
0,USA,NM,,38,1,93.8
0,USA,NM,,39,1,95.8
0,USA,NM,,40,1,97.8
0,USA,NM,,41,1,99.8
0,USA,NM,,42,1,101.8
0,USA,NM,,43,1,103.8
0,USA,NM,,44,1,105.8
0,USA,NM,,45,1,107.8
0,USA,NM,,46,1,109.8
0,USA,NM,,47,1,111.8
0,USA,NM,,48,1,113.8
0,USA,NM,,49,1,115.8
0,USA,NM,,50,1,117.8
0,USA,NM,,51,1,119.8
0,USA,NM,,52,1,121.8
0,USA,NM,,53,1,123.8
0,USA,NM,,54,1,125.8
0,USA,NM,,55,1,127.8
0,USA,NM,,56,1,129.8
0,USA,NM,,57,1,131.8
0,USA,NM,,58,1,133.8
0,USA,NM,,59,1,135.8
0,USA,NM,,60,1,137.8
0,USA,NM,,61,1,139.8
0,USA,NM,,62,1,141.8
0,USA,NM,,63,1,143.8
0,USA,NM,,64,1,145.8
0,USA,NM,,65,1,147.8
0,USA,NM,,66,1,149.8
0,USA,NM,,67,1,151.8
0,USA,NM,,68,1,153.8
0,USA,NM,,69,1,155.8
0,USA,NM,,70,1,157.8
0,USA,NV,,1,1,19.8
0,USA,NV,,2,1,21.8
0,USA,NV,,3,1,23.8
0,USA,NV,,4,1,25.8
0,USA,NV,,5,1,27.8
0,USA,NV,,6,1,29.8
0,USA,NV,,7,1,31.8
0,USA,NV,,8,1,33.8
0,USA,NV,,9,1,35.8
0,USA,NV,,10,1,37.8
0,USA,NV,,11,1,39.8
0,USA,NV,,12,1,41.8
0,USA,NV,,13,1,43.8
0,USA,NV,,14,1,45.8
0,USA,NV,,15,1,47.8
0,USA,NV,,16,1,49.8
0,USA,NV,,17,1,51.8
0,USA,NV,,18,1,53.8
0,USA,NV,,19,1,55.8
0,USA,NV,,20,1,57.8
0,USA,NV,,21,1,59.8
0,USA,NV,,22,1,61.8
0,USA,NV,,23,1,63.8
0,USA,NV,,24,1,65.8
0,USA,NV,,25,1,67.8
0,USA,NV,,26,1,69.8
0,USA,NV,,27,1,71.8
0,USA,NV,,28,1,73.8
0,USA,NV,,29,1,75.8
0,USA,NV,,30,1,77.8
0,USA,NV,,31,1,79.8
0,USA,NV,,32,1,81.8
0,USA,NV,,33,1,83.8
0,USA,NV,,34,1,85.8
0,USA,NV,,35,1,87.8
0,USA,NV,,36,1,89.8
0,USA,NV,,37,1,91.8
0,USA,NV,,38,1,93.8
0,USA,NV,,39,1,95.8
0,USA,NV,,40,1,97.8
0,USA,NV,,41,1,99.8
0,USA,NV,,42,1,101.8
0,USA,NV,,43,1,103.8
0,USA,NV,,44,1,105.8
0,USA,NV,,45,1,107.8
0,USA,NV,,46,1,109.8
0,USA,NV,,47,1,111.8
0,USA,NV,,48,1,113.8
0,USA,NV,,49,1,115.8
0,USA,NV,,50,1,117.8
0,USA,NV,,51,1,119.8
0,USA,NV,,52,1,121.8
0,USA,NV,,53,1,123.8
0,USA,NV,,54,1,125.8
0,USA,NV,,55,1,127.8
0,USA,NV,,56,1,129.8
0,USA,NV,,57,1,131.8
0,USA,NV,,58,1,133.8
0,USA,NV,,59,1,135.8
0,USA,NV,,60,1,137.8
0,USA,NV,,61,1,139.8
0,USA,NV,,62,1,141.8
0,USA,NV,,63,1,143.8
0,USA,NV,,64,1,145.8
0,USA,NV,,65,1,147.8
0,USA,NV,,66,1,149.8
0,USA,NV,,67,1,151.8
0,USA,NV,,68,1,153.8
0,USA,NV,,69,1,155.8
0,USA,NV,,70,1,157.8
0,USA,NY,,1,1,19.8
0,USA,NY,,2,1,21.8
0,USA,NY,,3,1,23.8
0,USA,NY,,4,1,25.8
0,USA,NY,,5,1,27.8
0,USA,NY,,6,1,29.8
0,USA,NY,,7,1,31.8
0,USA,NY,,8,1,33.8
0,USA,NY,,9,1,35.8
0,USA,NY,,10,1,37.8
0,USA,NY,,11,1,39.8
0,USA,NY,,12,1,41.8
0,USA,NY,,13,1,43.8
0,USA,NY,,14,1,45.8
0,USA,NY,,15,1,47.8
0,USA,NY,,16,1,49.8
0,USA,NY,,17,1,51.8
0,USA,NY,,18,1,53.8
0,USA,NY,,19,1,55.8
0,USA,NY,,20,1,57.8
0,USA,NY,,21,1,59.8
0,USA,NY,,22,1,61.8
0,USA,NY,,23,1,63.8
0,USA,NY,,24,1,65.8
0,USA,NY,,25,1,67.8
0,USA,NY,,26,1,69.8
0,USA,NY,,27,1,71.8
0,USA,NY,,28,1,73.8
0,USA,NY,,29,1,75.8
0,USA,NY,,30,1,77.8
0,USA,NY,,31,1,79.8
0,USA,NY,,32,1,81.8
0,USA,NY,,33,1,83.8
0,USA,NY,,34,1,85.8
0,USA,NY,,35,1,87.8
0,USA,NY,,36,1,89.8
0,USA,NY,,37,1,91.8
0,USA,NY,,38,1,93.8
0,USA,NY,,39,1,95.8
0,USA,NY,,40,1,97.8
0,USA,NY,,41,1,99.8
0,USA,NY,,42,1,101.8
0,USA,NY,,43,1,103.8
0,USA,NY,,44,1,105.8
0,USA,NY,,45,1,107.8
0,USA,NY,,46,1,109.8
0,USA,NY,,47,1,111.8
0,USA,NY,,48,1,113.8
0,USA,NY,,49,1,115.8
0,USA,NY,,50,1,117.8
0,USA,NY,,51,1,119.8
0,USA,NY,,52,1,121.8
0,USA,NY,,53,1,123.8
0,USA,NY,,54,1,125.8
0,USA,NY,,55,1,127.8
0,USA,NY,,56,1,129.8
0,USA,NY,,57,1,131.8
0,USA,NY,,58,1,133.8
0,USA,NY,,59,1,135.8
0,USA,NY,,60,1,137.8
0,USA,NY,,61,1,139.8
0,USA,NY,,62,1,141.8
0,USA,NY,,63,1,143.8
0,USA,NY,,64,1,145.8
0,USA,NY,,65,1,147.8
0,USA,NY,,66,1,149.8
0,USA,NY,,67,1,151.8
0,USA,NY,,68,1,153.8
0,USA,NY,,69,1,155.8
0,USA,NY,,70,1,157.8
0,USA,OH,,1,1,19.8
0,USA,OH,,2,1,21.8
0,USA,OH,,3,1,23.8
0,USA,OH,,4,1,25.8
0,USA,OH,,5,1,27.8
0,USA,OH,,6,1,29.8
0,USA,OH,,7,1,31.8
0,USA,OH,,8,1,33.8
0,USA,OH,,9,1,35.8
0,USA,OH,,10,1,37.8
0,USA,OH,,11,1,39.8
0,USA,OH,,12,1,41.8
0,USA,OH,,13,1,43.8
0,USA,OH,,14,1,45.8
0,USA,OH,,15,1,47.8
0,USA,OH,,16,1,49.8
0,USA,OH,,17,1,51.8
0,USA,OH,,18,1,53.8
0,USA,OH,,19,1,55.8
0,USA,OH,,20,1,57.8
0,USA,OH,,21,1,59.8
0,USA,OH,,22,1,61.8
0,USA,OH,,23,1,63.8
0,USA,OH,,24,1,65.8
0,USA,OH,,25,1,67.8
0,USA,OH,,26,1,69.8
0,USA,OH,,27,1,71.8
0,USA,OH,,28,1,73.8
0,USA,OH,,29,1,75.8
0,USA,OH,,30,1,77.8
0,USA,OH,,31,1,79.8
0,USA,OH,,32,1,81.8
0,USA,OH,,33,1,83.8
0,USA,OH,,34,1,85.8
0,USA,OH,,35,1,87.8
0,USA,OH,,36,1,89.8
0,USA,OH,,37,1,91.8
0,USA,OH,,38,1,93.8
0,USA,OH,,39,1,95.8
0,USA,OH,,40,1,97.8
0,USA,OH,,41,1,99.8
0,USA,OH,,42,1,101.8
0,USA,OH,,43,1,103.8
0,USA,OH,,44,1,105.8
0,USA,OH,,45,1,107.8
0,USA,OH,,46,1,109.8
0,USA,OH,,47,1,111.8
0,USA,OH,,48,1,113.8
0,USA,OH,,49,1,115.8
0,USA,OH,,50,1,117.8
0,USA,OH,,51,1,119.8
0,USA,OH,,52,1,121.8
0,USA,OH,,53,1,123.8
0,USA,OH,,54,1,125.8
0,USA,OH,,55,1,127.8
0,USA,OH,,56,1,129.8
0,USA,OH,,57,1,131.8
0,USA,OH,,58,1,133.8
0,USA,OH,,59,1,135.8
0,USA,OH,,60,1,137.8
0,USA,OH,,61,1,139.8
0,USA,OH,,62,1,141.8
0,USA,OH,,63,1,143.8
0,USA,OH,,64,1,145.8
0,USA,OH,,65,1,147.8
0,USA,OH,,66,1,149.8
0,USA,OH,,67,1,151.8
0,USA,OH,,68,1,153.8
0,USA,OH,,69,1,155.8
0,USA,OH,,70,1,157.8
0,USA,OR,,1,1,19.8
0,USA,OR,,2,1,21.8
0,USA,OR,,3,1,23.8
0,USA,OR,,4,1,25.8
0,USA,OR,,5,1,27.8
0,USA,OR,,6,1,29.8
0,USA,OR,,7,1,31.8
0,USA,OR,,8,1,33.8
0,USA,OR,,9,1,35.8
0,USA,OR,,10,1,37.8
0,USA,OR,,11,1,39.8
0,USA,OR,,12,1,41.8
0,USA,OR,,13,1,43.8
0,USA,OR,,14,1,45.8
0,USA,OR,,15,1,47.8
0,USA,OR,,16,1,49.8
0,USA,OR,,17,1,51.8
0,USA,OR,,18,1,53.8
0,USA,OR,,19,1,55.8
0,USA,OR,,20,1,57.8
0,USA,OR,,21,1,59.8
0,USA,OR,,22,1,61.8
0,USA,OR,,23,1,63.8
0,USA,OR,,24,1,65.8
0,USA,OR,,25,1,67.8
0,USA,OR,,26,1,69.8
0,USA,OR,,27,1,71.8
0,USA,OR,,28,1,73.8
0,USA,OR,,29,1,75.8
0,USA,OR,,30,1,77.8
0,USA,OR,,31,1,79.8
0,USA,OR,,32,1,81.8
0,USA,OR,,33,1,83.8
0,USA,OR,,34,1,85.8
0,USA,OR,,35,1,87.8
0,USA,OR,,36,1,89.8
0,USA,OR,,37,1,91.8
0,USA,OR,,38,1,93.8
0,USA,OR,,39,1,95.8
0,USA,OR,,40,1,97.8
0,USA,OR,,41,1,99.8
0,USA,OR,,42,1,101.8
0,USA,OR,,43,1,103.8
0,USA,OR,,44,1,105.8
0,USA,OR,,45,1,107.8
0,USA,OR,,46,1,109.8
0,USA,OR,,47,1,111.8
0,USA,OR,,48,1,113.8
0,USA,OR,,49,1,115.8
0,USA,OR,,50,1,117.8
0,USA,OR,,51,1,119.8
0,USA,OR,,52,1,121.8
0,USA,OR,,53,1,123.8
0,USA,OR,,54,1,125.8
0,USA,OR,,55,1,127.8
0,USA,OR,,56,1,129.8
0,USA,OR,,57,1,131.8
0,USA,OR,,58,1,133.8
0,USA,OR,,59,1,135.8
0,USA,OR,,60,1,137.8
0,USA,OR,,61,1,139.8
0,USA,OR,,62,1,141.8
0,USA,OR,,63,1,143.8
0,USA,OR,,64,1,145.8
0,USA,OR,,65,1,147.8
0,USA,OR,,66,1,149.8
0,USA,OR,,67,1,151.8
0,USA,OR,,68,1,153.8
0,USA,OR,,69,1,155.8
0,USA,OR,,70,1,157.8
0,USA,SC,,1,1,19.8
0,USA,SC,,2,1,21.8
0,USA,SC,,3,1,23.8
0,USA,SC,,4,1,25.8
0,USA,SC,,5,1,27.8
0,USA,SC,,6,1,29.8
0,USA,SC,,7,1,31.8
0,USA,SC,,8,1,33.8
0,USA,SC,,9,1,35.8
0,USA,SC,,10,1,37.8
0,USA,SC,,11,1,39.8
0,USA,SC,,12,1,41.8
0,USA,SC,,13,1,43.8
0,USA,SC,,14,1,45.8
0,USA,SC,,15,1,47.8
0,USA,SC,,16,1,49.8
0,USA,SC,,17,1,51.8
0,USA,SC,,18,1,53.8
0,USA,SC,,19,1,55.8
0,USA,SC,,20,1,57.8
0,USA,SC,,21,1,59.8
0,USA,SC,,22,1,61.8
0,USA,SC,,23,1,63.8
0,USA,SC,,24,1,65.8
0,USA,SC,,25,1,67.8
0,USA,SC,,26,1,69.8
0,USA,SC,,27,1,71.8
0,USA,SC,,28,1,73.8
0,USA,SC,,29,1,75.8
0,USA,SC,,30,1,77.8
0,USA,SC,,31,1,79.8
0,USA,SC,,32,1,81.8
0,USA,SC,,33,1,83.8
0,USA,SC,,34,1,85.8
0,USA,SC,,35,1,87.8
0,USA,SC,,36,1,89.8
0,USA,SC,,37,1,91.8
0,USA,SC,,38,1,93.8
0,USA,SC,,39,1,95.8
0,USA,SC,,40,1,97.8
0,USA,SC,,41,1,99.8
0,USA,SC,,42,1,101.8
0,USA,SC,,43,1,103.8
0,USA,SC,,44,1,105.8
0,USA,SC,,45,1,107.8
0,USA,SC,,46,1,109.8
0,USA,SC,,47,1,111.8
0,USA,SC,,48,1,113.8
0,USA,SC,,49,1,115.8
0,USA,SC,,50,1,117.8
0,USA,SC,,51,1,119.8
0,USA,SC,,52,1,121.8
0,USA,SC,,53,1,123.8
0,USA,SC,,54,1,125.8
0,USA,SC,,55,1,127.8
0,USA,SC,,56,1,129.8
0,USA,SC,,57,1,131.8
0,USA,SC,,58,1,133.8
0,USA,SC,,59,1,135.8
0,USA,SC,,60,1,137.8
0,USA,SC,,61,1,139.8
0,USA,SC,,62,1,141.8
0,USA,SC,,63,1,143.8
0,USA,SC,,64,1,145.8
0,USA,SC,,65,1,147.8
0,USA,SC,,66,1,149.8
0,USA,SC,,67,1,151.8
0,USA,SC,,68,1,153.8
0,USA,SC,,69,1,155.8
0,USA,SC,,70,1,157.8
0,USA,SD,,1,1,19.8
0,USA,SD,,2,1,21.8
0,USA,SD,,3,1,23.8
0,USA,SD,,4,1,25.8
0,USA,SD,,5,1,27.8
0,USA,SD,,6,1,29.8
0,USA,SD,,7,1,31.8
0,USA,SD,,8,1,33.8
0,USA,SD,,9,1,35.8
0,USA,SD,,10,1,37.8
0,USA,SD,,11,1,39.8
0,USA,SD,,12,1,41.8
0,USA,SD,,13,1,43.8
0,USA,SD,,14,1,45.8
0,USA,SD,,15,1,47.8
0,USA,SD,,16,1,49.8
0,USA,SD,,17,1,51.8
0,USA,SD,,18,1,53.8
0,USA,SD,,19,1,55.8
0,USA,SD,,20,1,57.8
0,USA,SD,,21,1,59.8
0,USA,SD,,22,1,61.8
0,USA,SD,,23,1,63.8
0,USA,SD,,24,1,65.8
0,USA,SD,,25,1,67.8
0,USA,SD,,26,1,69.8
0,USA,SD,,27,1,71.8
0,USA,SD,,28,1,73.8
0,USA,SD,,29,1,75.8
0,USA,SD,,30,1,77.8
0,USA,SD,,31,1,79.8
0,USA,SD,,32,1,81.8
0,USA,SD,,33,1,83.8
0,USA,SD,,34,1,85.8
0,USA,SD,,35,1,87.8
0,USA,SD,,36,1,89.8
0,USA,SD,,37,1,91.8
0,USA,SD,,38,1,93.8
0,USA,SD,,39,1,95.8
0,USA,SD,,40,1,97.8
0,USA,SD,,41,1,99.8
0,USA,SD,,42,1,101.8
0,USA,SD,,43,1,103.8
0,USA,SD,,44,1,105.8
0,USA,SD,,45,1,107.8
0,USA,SD,,46,1,109.8
0,USA,SD,,47,1,111.8
0,USA,SD,,48,1,113.8
0,USA,SD,,49,1,115.8
0,USA,SD,,50,1,117.8
0,USA,SD,,51,1,119.8
0,USA,SD,,52,1,121.8
0,USA,SD,,53,1,123.8
0,USA,SD,,54,1,125.8
0,USA,SD,,55,1,127.8
0,USA,SD,,56,1,129.8
0,USA,SD,,57,1,131.8
0,USA,SD,,58,1,133.8
0,USA,SD,,59,1,135.8
0,USA,SD,,60,1,137.8
0,USA,SD,,61,1,139.8
0,USA,SD,,62,1,141.8
0,USA,SD,,63,1,143.8
0,USA,SD,,64,1,145.8
0,USA,SD,,65,1,147.8
0,USA,SD,,66,1,149.8
0,USA,SD,,67,1,151.8
0,USA,SD,,68,1,153.8
0,USA,SD,,69,1,155.8
0,USA,SD,,70,1,157.8
0,USA,TN,,1,1,19.8
0,USA,TN,,2,1,21.8
0,USA,TN,,3,1,23.8
0,USA,TN,,4,1,25.8
0,USA,TN,,5,1,27.8
0,USA,TN,,6,1,29.8
0,USA,TN,,7,1,31.8
0,USA,TN,,8,1,33.8
0,USA,TN,,9,1,35.8
0,USA,TN,,10,1,37.8
0,USA,TN,,11,1,39.8
0,USA,TN,,12,1,41.8
0,USA,TN,,13,1,43.8
0,USA,TN,,14,1,45.8
0,USA,TN,,15,1,47.8
0,USA,TN,,16,1,49.8
0,USA,TN,,17,1,51.8
0,USA,TN,,18,1,53.8
0,USA,TN,,19,1,55.8
0,USA,TN,,20,1,57.8
0,USA,TN,,21,1,59.8
0,USA,TN,,22,1,61.8
0,USA,TN,,23,1,63.8
0,USA,TN,,24,1,65.8
0,USA,TN,,25,1,67.8
0,USA,TN,,26,1,69.8
0,USA,TN,,27,1,71.8
0,USA,TN,,28,1,73.8
0,USA,TN,,29,1,75.8
0,USA,TN,,30,1,77.8
0,USA,TN,,31,1,79.8
0,USA,TN,,32,1,81.8
0,USA,TN,,33,1,83.8
0,USA,TN,,34,1,85.8
0,USA,TN,,35,1,87.8
0,USA,TN,,36,1,89.8
0,USA,TN,,37,1,91.8
0,USA,TN,,38,1,93.8
0,USA,TN,,39,1,95.8
0,USA,TN,,40,1,97.8
0,USA,TN,,41,1,99.8
0,USA,TN,,42,1,101.8
0,USA,TN,,43,1,103.8
0,USA,TN,,44,1,105.8
0,USA,TN,,45,1,107.8
0,USA,TN,,46,1,109.8
0,USA,TN,,47,1,111.8
0,USA,TN,,48,1,113.8
0,USA,TN,,49,1,115.8
0,USA,TN,,50,1,117.8
0,USA,TN,,51,1,119.8
0,USA,TN,,52,1,121.8
0,USA,TN,,53,1,123.8
0,USA,TN,,54,1,125.8
0,USA,TN,,55,1,127.8
0,USA,TN,,56,1,129.8
0,USA,TN,,57,1,131.8
0,USA,TN,,58,1,133.8
0,USA,TN,,59,1,135.8
0,USA,TN,,60,1,137.8
0,USA,TN,,61,1,139.8
0,USA,TN,,62,1,141.8
0,USA,TN,,63,1,143.8
0,USA,TN,,64,1,145.8
0,USA,TN,,65,1,147.8
0,USA,TN,,66,1,149.8
0,USA,TN,,67,1,151.8
0,USA,TN,,68,1,153.8
0,USA,TN,,69,1,155.8
0,USA,TN,,70,1,157.8
0,USA,TX,,1,1,19.8
0,USA,TX,,2,1,21.8
0,USA,TX,,3,1,23.8
0,USA,TX,,4,1,25.8
0,USA,TX,,5,1,27.8
0,USA,TX,,6,1,29.8
0,USA,TX,,7,1,31.8
0,USA,TX,,8,1,33.8
0,USA,TX,,9,1,35.8
0,USA,TX,,10,1,37.8
0,USA,TX,,11,1,39.8
0,USA,TX,,12,1,41.8
0,USA,TX,,13,1,43.8
0,USA,TX,,14,1,45.8
0,USA,TX,,15,1,47.8
0,USA,TX,,16,1,49.8
0,USA,TX,,17,1,51.8
0,USA,TX,,18,1,53.8
0,USA,TX,,19,1,55.8
0,USA,TX,,20,1,57.8
0,USA,TX,,21,1,59.8
0,USA,TX,,22,1,61.8
0,USA,TX,,23,1,63.8
0,USA,TX,,24,1,65.8
0,USA,TX,,25,1,67.8
0,USA,TX,,26,1,69.8
0,USA,TX,,27,1,71.8
0,USA,TX,,28,1,73.8
0,USA,TX,,29,1,75.8
0,USA,TX,,30,1,77.8
0,USA,TX,,31,1,79.8
0,USA,TX,,32,1,81.8
0,USA,TX,,33,1,83.8
0,USA,TX,,34,1,85.8
0,USA,TX,,35,1,87.8
0,USA,TX,,36,1,89.8
0,USA,TX,,37,1,91.8
0,USA,TX,,38,1,93.8
0,USA,TX,,39,1,95.8
0,USA,TX,,40,1,97.8
0,USA,TX,,41,1,99.8
0,USA,TX,,42,1,101.8
0,USA,TX,,43,1,103.8
0,USA,TX,,44,1,105.8
0,USA,TX,,45,1,107.8
0,USA,TX,,46,1,109.8
0,USA,TX,,47,1,111.8
0,USA,TX,,48,1,113.8
0,USA,TX,,49,1,115.8
0,USA,TX,,50,1,117.8
0,USA,TX,,51,1,119.8
0,USA,TX,,52,1,121.8
0,USA,TX,,53,1,123.8
0,USA,TX,,54,1,125.8
0,USA,TX,,55,1,127.8
0,USA,TX,,56,1,129.8
0,USA,TX,,57,1,131.8
0,USA,TX,,58,1,133.8
0,USA,TX,,59,1,135.8
0,USA,TX,,60,1,137.8
0,USA,TX,,61,1,139.8
0,USA,TX,,62,1,141.8
0,USA,TX,,63,1,143.8
0,USA,TX,,64,1,145.8
0,USA,TX,,65,1,147.8
0,USA,TX,,66,1,149.8
0,USA,TX,,67,1,151.8
0,USA,TX,,68,1,153.8
0,USA,TX,,69,1,155.8
0,USA,TX,,70,1,157.8
0,USA,VA,,1,1,19.8
0,USA,VA,,2,1,21.8
0,USA,VA,,3,1,23.8
0,USA,VA,,4,1,25.8
0,USA,VA,,5,1,27.8
0,USA,VA,,6,1,29.8
0,USA,VA,,7,1,31.8
0,USA,VA,,8,1,33.8
0,USA,VA,,9,1,35.8
0,USA,VA,,10,1,37.8
0,USA,VA,,11,1,39.8
0,USA,VA,,12,1,41.8
0,USA,VA,,13,1,43.8
0,USA,VA,,14,1,45.8
0,USA,VA,,15,1,47.8
0,USA,VA,,16,1,49.8
0,USA,VA,,17,1,51.8
0,USA,VA,,18,1,53.8
0,USA,VA,,19,1,55.8
0,USA,VA,,20,1,57.8
0,USA,VA,,21,1,59.8
0,USA,VA,,22,1,61.8
0,USA,VA,,23,1,63.8
0,USA,VA,,24,1,65.8
0,USA,VA,,25,1,67.8
0,USA,VA,,26,1,69.8
0,USA,VA,,27,1,71.8
0,USA,VA,,28,1,73.8
0,USA,VA,,29,1,75.8
0,USA,VA,,30,1,77.8
0,USA,VA,,31,1,79.8
0,USA,VA,,32,1,81.8
0,USA,VA,,33,1,83.8
0,USA,VA,,34,1,85.8
0,USA,VA,,35,1,87.8
0,USA,VA,,36,1,89.8
0,USA,VA,,37,1,91.8
0,USA,VA,,38,1,93.8
0,USA,VA,,39,1,95.8
0,USA,VA,,40,1,97.8
0,USA,VA,,41,1,99.8
0,USA,VA,,42,1,101.8
0,USA,VA,,43,1,103.8
0,USA,VA,,44,1,105.8
0,USA,VA,,45,1,107.8
0,USA,VA,,46,1,109.8
0,USA,VA,,47,1,111.8
0,USA,VA,,48,1,113.8
0,USA,VA,,49,1,115.8
0,USA,VA,,50,1,117.8
0,USA,VA,,51,1,119.8
0,USA,VA,,52,1,121.8
0,USA,VA,,53,1,123.8
0,USA,VA,,54,1,125.8
0,USA,VA,,55,1,127.8
0,USA,VA,,56,1,129.8
0,USA,VA,,57,1,131.8
0,USA,VA,,58,1,133.8
0,USA,VA,,59,1,135.8
0,USA,VA,,60,1,137.8
0,USA,VA,,61,1,139.8
0,USA,VA,,62,1,141.8
0,USA,VA,,63,1,143.8
0,USA,VA,,64,1,145.8
0,USA,VA,,65,1,147.8
0,USA,VA,,66,1,149.8
0,USA,VA,,67,1,151.8
0,USA,VA,,68,1,153.8
0,USA,VA,,69,1,155.8
0,USA,VA,,70,1,157.8
0,USA,VT,,1,1,19.8
0,USA,VT,,2,1,21.8
0,USA,VT,,3,1,23.8
0,USA,VT,,4,1,25.8
0,USA,VT,,5,1,27.8
0,USA,VT,,6,1,29.8
0,USA,VT,,7,1,31.8
0,USA,VT,,8,1,33.8
0,USA,VT,,9,1,35.8
0,USA,VT,,10,1,37.8
0,USA,VT,,11,1,39.8
0,USA,VT,,12,1,41.8
0,USA,VT,,13,1,43.8
0,USA,VT,,14,1,45.8
0,USA,VT,,15,1,47.8
0,USA,VT,,16,1,49.8
0,USA,VT,,17,1,51.8
0,USA,VT,,18,1,53.8
0,USA,VT,,19,1,55.8
0,USA,VT,,20,1,57.8
0,USA,VT,,21,1,59.8
0,USA,VT,,22,1,61.8
0,USA,VT,,23,1,63.8
0,USA,VT,,24,1,65.8
0,USA,VT,,25,1,67.8
0,USA,VT,,26,1,69.8
0,USA,VT,,27,1,71.8
0,USA,VT,,28,1,73.8
0,USA,VT,,29,1,75.8
0,USA,VT,,30,1,77.8
0,USA,VT,,31,1,79.8
0,USA,VT,,32,1,81.8
0,USA,VT,,33,1,83.8
0,USA,VT,,34,1,85.8
0,USA,VT,,35,1,87.8
0,USA,VT,,36,1,89.8
0,USA,VT,,37,1,91.8
0,USA,VT,,38,1,93.8
0,USA,VT,,39,1,95.8
0,USA,VT,,40,1,97.8
0,USA,VT,,41,1,99.8
0,USA,VT,,42,1,101.8
0,USA,VT,,43,1,103.8
0,USA,VT,,44,1,105.8
0,USA,VT,,45,1,107.8
0,USA,VT,,46,1,109.8
0,USA,VT,,47,1,111.8
0,USA,VT,,48,1,113.8
0,USA,VT,,49,1,115.8
0,USA,VT,,50,1,117.8
0,USA,VT,,51,1,119.8
0,USA,VT,,52,1,121.8
0,USA,VT,,53,1,123.8
0,USA,VT,,54,1,125.8
0,USA,VT,,55,1,127.8
0,USA,VT,,56,1,129.8
0,USA,VT,,57,1,131.8
0,USA,VT,,58,1,133.8
0,USA,VT,,59,1,135.8
0,USA,VT,,60,1,137.8
0,USA,VT,,61,1,139.8
0,USA,VT,,62,1,141.8
0,USA,VT,,63,1,143.8
0,USA,VT,,64,1,145.8
0,USA,VT,,65,1,147.8
0,USA,VT,,66,1,149.8
0,USA,VT,,67,1,151.8
0,USA,VT,,68,1,153.8
0,USA,VT,,69,1,155.8
0,USA,VT,,70,1,157.8
0,USA,WA,,1,1,19.8
0,USA,WA,,2,1,21.8
0,USA,WA,,3,1,23.8
0,USA,WA,,4,1,25.8
0,USA,WA,,5,1,27.8
0,USA,WA,,6,1,29.8
0,USA,WA,,7,1,31.8
0,USA,WA,,8,1,33.8
0,USA,WA,,9,1,35.8
0,USA,WA,,10,1,37.8
0,USA,WA,,11,1,39.8
0,USA,WA,,12,1,41.8
0,USA,WA,,13,1,43.8
0,USA,WA,,14,1,45.8
0,USA,WA,,15,1,47.8
0,USA,WA,,16,1,49.8
0,USA,WA,,17,1,51.8
0,USA,WA,,18,1,53.8
0,USA,WA,,19,1,55.8
0,USA,WA,,20,1,57.8
0,USA,WA,,21,1,59.8
0,USA,WA,,22,1,61.8
0,USA,WA,,23,1,63.8
0,USA,WA,,24,1,65.8
0,USA,WA,,25,1,67.8
0,USA,WA,,26,1,69.8
0,USA,WA,,27,1,71.8
0,USA,WA,,28,1,73.8
0,USA,WA,,29,1,75.8
0,USA,WA,,30,1,77.8
0,USA,WA,,31,1,79.8
0,USA,WA,,32,1,81.8
0,USA,WA,,33,1,83.8
0,USA,WA,,34,1,85.8
0,USA,WA,,35,1,87.8
0,USA,WA,,36,1,89.8
0,USA,WA,,37,1,91.8
0,USA,WA,,38,1,93.8
0,USA,WA,,39,1,95.8
0,USA,WA,,40,1,97.8
0,USA,WA,,41,1,99.8
0,USA,WA,,42,1,101.8
0,USA,WA,,43,1,103.8
0,USA,WA,,44,1,105.8
0,USA,WA,,45,1,107.8
0,USA,WA,,46,1,109.8
0,USA,WA,,47,1,111.8
0,USA,WA,,48,1,113.8
0,USA,WA,,49,1,115.8
0,USA,WA,,50,1,117.8
0,USA,WA,,51,1,119.8
0,USA,WA,,52,1,121.8
0,USA,WA,,53,1,123.8
0,USA,WA,,54,1,125.8
0,USA,WA,,55,1,127.8
0,USA,WA,,56,1,129.8
0,USA,WA,,57,1,131.8
0,USA,WA,,58,1,133.8
0,USA,WA,,59,1,135.8
0,USA,WA,,60,1,137.8
0,USA,WA,,61,1,139.8
0,USA,WA,,62,1,141.8
0,USA,WA,,63,1,143.8
0,USA,WA,,64,1,145.8
0,USA,WA,,65,1,147.8
0,USA,WA,,66,1,149.8
0,USA,WA,,67,1,151.8
0,USA,WA,,68,1,153.8
0,USA,WA,,69,1,155.8
0,USA,WA,,70,1,157.8
0,USA,WI,,1,1,19.8
0,USA,WI,,2,1,21.8
0,USA,WI,,3,1,23.8
0,USA,WI,,4,1,25.8
0,USA,WI,,5,1,27.8
0,USA,WI,,6,1,29.8
0,USA,WI,,7,1,31.8
0,USA,WI,,8,1,33.8
0,USA,WI,,9,1,35.8
0,USA,WI,,10,1,37.8
0,USA,WI,,11,1,39.8
0,USA,WI,,12,1,41.8
0,USA,WI,,13,1,43.8
0,USA,WI,,14,1,45.8
0,USA,WI,,15,1,47.8
0,USA,WI,,16,1,49.8
0,USA,WI,,17,1,51.8
0,USA,WI,,18,1,53.8
0,USA,WI,,19,1,55.8
0,USA,WI,,20,1,57.8
0,USA,WI,,21,1,59.8
0,USA,WI,,22,1,61.8
0,USA,WI,,23,1,63.8
0,USA,WI,,24,1,65.8
0,USA,WI,,25,1,67.8
0,USA,WI,,26,1,69.8
0,USA,WI,,27,1,71.8
0,USA,WI,,28,1,73.8
0,USA,WI,,29,1,75.8
0,USA,WI,,30,1,77.8
0,USA,WI,,31,1,79.8
0,USA,WI,,32,1,81.8
0,USA,WI,,33,1,83.8
0,USA,WI,,34,1,85.8
0,USA,WI,,35,1,87.8
0,USA,WI,,36,1,89.8
0,USA,WI,,37,1,91.8
0,USA,WI,,38,1,93.8
0,USA,WI,,39,1,95.8
0,USA,WI,,40,1,97.8
0,USA,WI,,41,1,99.8
0,USA,WI,,42,1,101.8
0,USA,WI,,43,1,103.8
0,USA,WI,,44,1,105.8
0,USA,WI,,45,1,107.8
0,USA,WI,,46,1,109.8
0,USA,WI,,47,1,111.8
0,USA,WI,,48,1,113.8
0,USA,WI,,49,1,115.8
0,USA,WI,,50,1,117.8
0,USA,WI,,51,1,119.8
0,USA,WI,,52,1,121.8
0,USA,WI,,53,1,123.8
0,USA,WI,,54,1,125.8
0,USA,WI,,55,1,127.8
0,USA,WI,,56,1,129.8
0,USA,WI,,57,1,131.8
0,USA,WI,,58,1,133.8
0,USA,WI,,59,1,135.8
0,USA,WI,,60,1,137.8
0,USA,WI,,61,1,139.8
0,USA,WI,,62,1,141.8
0,USA,WI,,63,1,143.8
0,USA,WI,,64,1,145.8
0,USA,WI,,65,1,147.8
0,USA,WI,,66,1,149.8
0,USA,WI,,67,1,151.8
0,USA,WI,,68,1,153.8
0,USA,WI,,69,1,155.8
0,USA,WI,,70,1,157.8
0,USA,WV,,1,1,19.8
0,USA,WV,,2,1,21.8
0,USA,WV,,3,1,23.8
0,USA,WV,,4,1,25.8
0,USA,WV,,5,1,27.8
0,USA,WV,,6,1,29.8
0,USA,WV,,7,1,31.8
0,USA,WV,,8,1,33.8
0,USA,WV,,9,1,35.8
0,USA,WV,,10,1,37.8
0,USA,WV,,11,1,39.8
0,USA,WV,,12,1,41.8
0,USA,WV,,13,1,43.8
0,USA,WV,,14,1,45.8
0,USA,WV,,15,1,47.8
0,USA,WV,,16,1,49.8
0,USA,WV,,17,1,51.8
0,USA,WV,,18,1,53.8
0,USA,WV,,19,1,55.8
0,USA,WV,,20,1,57.8
0,USA,WV,,21,1,59.8
0,USA,WV,,22,1,61.8
0,USA,WV,,23,1,63.8
0,USA,WV,,24,1,65.8
0,USA,WV,,25,1,67.8
0,USA,WV,,26,1,69.8
0,USA,WV,,27,1,71.8
0,USA,WV,,28,1,73.8
0,USA,WV,,29,1,75.8
0,USA,WV,,30,1,77.8
0,USA,WV,,31,1,79.8
0,USA,WV,,32,1,81.8
0,USA,WV,,33,1,83.8
0,USA,WV,,34,1,85.8
0,USA,WV,,35,1,87.8
0,USA,WV,,36,1,89.8
0,USA,WV,,37,1,91.8
0,USA,WV,,38,1,93.8
0,USA,WV,,39,1,95.8
0,USA,WV,,40,1,97.8
0,USA,WV,,41,1,99.8
0,USA,WV,,42,1,101.8
0,USA,WV,,43,1,103.8
0,USA,WV,,44,1,105.8
0,USA,WV,,45,1,107.8
0,USA,WV,,46,1,109.8
0,USA,WV,,47,1,111.8
0,USA,WV,,48,1,113.8
0,USA,WV,,49,1,115.8
0,USA,WV,,50,1,117.8
0,USA,WV,,51,1,119.8
0,USA,WV,,52,1,121.8
0,USA,WV,,53,1,123.8
0,USA,WV,,54,1,125.8
0,USA,WV,,55,1,127.8
0,USA,WV,,56,1,129.8
0,USA,WV,,57,1,131.8
0,USA,WV,,58,1,133.8
0,USA,WV,,59,1,135.8
0,USA,WV,,60,1,137.8
0,USA,WV,,61,1,139.8
0,USA,WV,,62,1,141.8
0,USA,WV,,63,1,143.8
0,USA,WV,,64,1,145.8
0,USA,WV,,65,1,147.8
0,USA,WV,,66,1,149.8
0,USA,WV,,67,1,151.8
0,USA,WV,,68,1,153.8
0,USA,WV,,69,1,155.8
0,USA,WV,,70,1,157.8
0,USA,WY,,1,1,19.8
0,USA,WY,,2,1,21.8
0,USA,WY,,3,1,23.8
0,USA,WY,,4,1,25.8
0,USA,WY,,5,1,27.8
0,USA,WY,,6,1,29.8
0,USA,WY,,7,1,31.8
0,USA,WY,,8,1,33.8
0,USA,WY,,9,1,35.8
0,USA,WY,,10,1,37.8
0,USA,WY,,11,1,39.8
0,USA,WY,,12,1,41.8
0,USA,WY,,13,1,43.8
0,USA,WY,,14,1,45.8
0,USA,WY,,15,1,47.8
0,USA,WY,,16,1,49.8
0,USA,WY,,17,1,51.8
0,USA,WY,,18,1,53.8
0,USA,WY,,19,1,55.8
0,USA,WY,,20,1,57.8
0,USA,WY,,21,1,59.8
0,USA,WY,,22,1,61.8
0,USA,WY,,23,1,63.8
0,USA,WY,,24,1,65.8
0,USA,WY,,25,1,67.8
0,USA,WY,,26,1,69.8
0,USA,WY,,27,1,71.8
0,USA,WY,,28,1,73.8
0,USA,WY,,29,1,75.8
0,USA,WY,,30,1,77.8
0,USA,WY,,31,1,79.8
0,USA,WY,,32,1,81.8
0,USA,WY,,33,1,83.8
0,USA,WY,,34,1,85.8
0,USA,WY,,35,1,87.8
0,USA,WY,,36,1,89.8
0,USA,WY,,37,1,91.8
0,USA,WY,,38,1,93.8
0,USA,WY,,39,1,95.8
0,USA,WY,,40,1,97.8
0,USA,WY,,41,1,99.8
0,USA,WY,,42,1,101.8
0,USA,WY,,43,1,103.8
0,USA,WY,,44,1,105.8
0,USA,WY,,45,1,107.8
0,USA,WY,,46,1,109.8
0,USA,WY,,47,1,111.8
0,USA,WY,,48,1,113.8
0,USA,WY,,49,1,115.8
0,USA,WY,,50,1,117.8
0,USA,WY,,51,1,119.8
0,USA,WY,,52,1,121.8
0,USA,WY,,53,1,123.8
0,USA,WY,,54,1,125.8
0,USA,WY,,55,1,127.8
0,USA,WY,,56,1,129.8
0,USA,WY,,57,1,131.8
0,USA,WY,,58,1,133.8
0,USA,WY,,59,1,135.8
0,USA,WY,,60,1,137.8
0,USA,WY,,61,1,139.8
0,USA,WY,,62,1,141.8
0,USA,WY,,63,1,143.8
0,USA,WY,,64,1,145.8
0,USA,WY,,65,1,147.8
0,USA,WY,,66,1,149.8
0,USA,WY,,67,1,151.8
0,USA,WY,,68,1,153.8
0,USA,WY,,69,1,155.8
0,USA,WY,,70,1,157.8
